path:hsa05010	path:hsa04020	9.7614944
path:hsa05010	path:hsa04210	9.2743429
path:hsa05010	path:hsa04310	8.581194
path:hsa00190	path:hsa05010	7.8216378
path:hsa05010	path:hsa04141	7.7798064
path:hsa04020	path:hsa04726	5.7021697
path:hsa04022	path:hsa04020	5.1877985
path:hsa04020	path:hsa04921	5.0963904
path:hsa05200	path:hsa04020	5.0129818
path:hsa04024	path:hsa04020	4.93802
path:hsa05016	path:hsa04020	4.8442568
path:hsa05200	path:hsa04024	4.7592218
path:hsa04020	path:hsa04970	4.7331695
path:hsa04020	path:hsa04210	4.7046285
path:hsa04022	path:hsa04210	4.700647
path:hsa04020	path:hsa04728	4.6207641
path:hsa05200	path:hsa04210	4.5258303
path:hsa04270	path:hsa04020	4.5107678
path:hsa04022	path:hsa04270	4.5067863
path:hsa04020	path:hsa04720	4.457662
path:hsa04010	path:hsa04020	4.4567708
path:hsa04010	path:hsa04022	4.4527893
path:hsa04024	path:hsa04210	4.4508685
path:hsa04020	path:hsa04261	4.4416187
path:hsa04015	path:hsa04020	4.3786923
path:hsa04010	path:hsa04921	4.3613812
path:hsa04014	path:hsa04020	4.3588464
path:hsa05016	path:hsa04210	4.3571053
path:hsa04020	path:hsa04540	4.3172323
path:hsa04210	path:hsa04722	4.2905467
path:hsa05200	path:hsa04010	4.2779726
path:hsa04020	path:hsa04724	4.219555
path:hsa04024	path:hsa04720	4.203902
path:hsa04020	path:hsa04723	4.1694029
path:hsa04210	path:hsa04668	4.1424084
path:hsa04010	path:hsa04713	4.125961
path:hsa04015	path:hsa04024	4.1249323
path:hsa04020	path:hsa04919	4.1052507
path:hsa04728	path:hsa05034	4.0842128
path:hsa04020	path:hsa04725	4.0739221
path:hsa04020	path:hsa04915	4.0595113
path:hsa04020	path:hsa04912	4.0595113
path:hsa04932	path:hsa04210	4.0561066
path:hsa04722	path:hsa04720	4.0435802
path:hsa04010	path:hsa04722	4.042689
path:hsa04020	path:hsa04925	4.0280706
path:hsa04022	path:hsa04925	4.0240891
path:hsa05205	path:hsa04020	4.0038212
path:hsa04020	path:hsa05142	4.0011651
path:hsa04932	path:hsa04668	3.981038
path:hsa04010	path:hsa04210	3.9696193
path:hsa04210	path:hsa05152	3.9662238
path:hsa04020	path:hsa04611	3.9606608
path:hsa04020	path:hsa04730	3.9606608
path:hsa00590	path:hsa04726	3.9542784
path:hsa04020	path:hsa04012	3.9363277
path:hsa04020	path:hsa04660	3.9363277
path:hsa04010	path:hsa05034	3.9202195
path:hsa05200	path:hsa04510	3.9106903
path:hsa04010	path:hsa04668	3.8945507
path:hsa05200	path:hsa04915	3.8807131
path:hsa04020	path:hsa04070	3.8805298
path:hsa04020	path:hsa04924	3.8743264
path:hsa05016	path:hsa04724	3.8720318
path:hsa04022	path:hsa04924	3.8703449
path:hsa04020	path:hsa04971	3.8647004
path:hsa04020	path:hsa04750	3.8464984
path:hsa05200	path:hsa04310	3.8326814
path:hsa04020	path:hsa04933	3.8304297
path:hsa04024	path:hsa04912	3.8057513
path:hsa04020	path:hsa04650	3.7911373
path:hsa04020	path:hsa04662	3.7872312
path:hsa04151	path:hsa04022	3.7832497
path:hsa04020	path:hsa04972	3.7797542
path:hsa04024	path:hsa04925	3.7743106
path:hsa04020	path:hsa04370	3.7683301
path:hsa04020	path:hsa05140	3.7683301
path:hsa04726	path:hsa04976	3.7359102
path:hsa04020	path:hsa04922	3.7350698
path:hsa04210	path:hsa05145	3.7281168
path:hsa04010	path:hsa04720	3.7226528
path:hsa04010	path:hsa05152	3.7183661
path:hsa04210	path:hsa05210	3.7025718
path:hsa05164	path:hsa04210	3.7006383
path:hsa04010	path:hsa04360	3.689725
path:hsa04210	path:hsa05014	3.6879534
path:hsa04020	path:hsa05214	3.6584385
path:hsa04724	path:hsa04728	3.6485391
path:hsa04010	path:hsa04015	3.6436831
path:hsa04020	path:hsa04380	3.6425747
path:hsa04540	path:hsa04080	3.6322685
path:hsa04020	path:hsa04918	3.6265934
path:hsa04728	path:hsa05030	3.6260615
path:hsa04014	path:hsa04720	3.6247284
path:hsa04010	path:hsa04014	3.6238372
path:hsa05161	path:hsa04210	3.6225429
path:hsa04024	path:hsa04924	3.6205664
path:hsa04020	path:hsa04072	3.6087204
path:hsa04151	path:hsa05200	3.608433
path:hsa05200	path:hsa04115	3.6064548
path:hsa00380	path:hsa04726	3.6062797
path:hsa04726	path:hsa04721	3.6062797
path:hsa05200	path:hsa04370	3.5895319
path:hsa04010	path:hsa04540	3.5822231
path:hsa05200	path:hsa04330	3.5803587
path:hsa04020	path:hsa05169	3.5769918
path:hsa04020	path:hsa04666	3.5694279
path:hsa05203	path:hsa04210	3.5559622
path:hsa04020	path:hsa04064	3.5494625
path:hsa04014	path:hsa04015	3.5457587
path:hsa04210	path:hsa04910	3.5381867
path:hsa04151	path:hsa04024	3.5334712
path:hsa04024	path:hsa04972	3.5259942
path:hsa05012	path:hsa04210	3.5236117
path:hsa04210	path:hsa05133	3.5224944
path:hsa05160	path:hsa04210	3.5198556
path:hsa04210	path:hsa05168	3.5178773
path:hsa05205	path:hsa04210	3.5166697
path:hsa04210	path:hsa05142	3.5140136
path:hsa04724	path:hsa04720	3.485437
path:hsa04024	path:hsa04922	3.4813098
path:hsa04010	path:hsa05145	3.4802591
path:hsa04010	path:hsa04916	3.478718
path:hsa04010	path:hsa05210	3.4547141
path:hsa04010	path:hsa05164	3.4527806
path:hsa05160	path:hsa04668	3.444787
path:hsa04010	path:hsa05014	3.4400957
path:hsa04022	path:hsa04923	3.4399072
path:hsa05012	path:hsa04728	3.4397473
path:hsa05016	path:hsa04115	3.4377298
path:hsa04210	path:hsa05134	3.4275996
path:hsa04020	path:hsa04066	3.4203314
path:hsa04020	path:hsa05223	3.4203314
path:hsa04020	path:hsa04911	3.4139094
path:hsa04010	path:hsa04062	3.3897074
path:hsa04020	path:hsa04260	3.381554
path:hsa04270	path:hsa04915	3.3784991
path:hsa04010	path:hsa05161	3.3746852
path:hsa04912	path:hsa04080	3.3745475
path:hsa04010	path:hsa04919	3.3702415
path:hsa04921	path:hsa04110	3.3674002
path:hsa04024	path:hsa04072	3.3549604
path:hsa04010	path:hsa04510	3.3544793
path:hsa04921	path:hsa00590	3.3484991
path:hsa05200	path:hsa04060	3.3446167
path:hsa04010	path:hsa04725	3.3389129
path:hsa04022	path:hsa04744	3.3300155
path:hsa04010	path:hsa04915	3.3245021
path:hsa04010	path:hsa04912	3.3245021
path:hsa04010	path:hsa05203	3.3081045
path:hsa04210	path:hsa04650	3.3039858
path:hsa04151	path:hsa04210	3.3000797
path:hsa05215	path:hsa04210	3.3000797
path:hsa04210	path:hsa04115	3.2981015
path:hsa04210	path:hsa05416	3.2981015
path:hsa04010	path:hsa04910	3.290329
path:hsa05200	path:hsa04110	3.2839916
path:hsa05200	path:hsa04340	3.2839916
path:hsa04010	path:hsa04310	3.2764704
path:hsa04510	path:hsa04015	3.2764008
path:hsa04010	path:hsa05133	3.2746367
path:hsa04728	path:hsa05031	3.2725603
path:hsa04010	path:hsa05160	3.2719979
path:hsa04010	path:hsa05205	3.268812
path:hsa04310	path:hsa04360	3.2444338
path:hsa05200	path:hsa04150	3.2415332
path:hsa05200	path:hsa04066	3.2415332
path:hsa05200	path:hsa04350	3.2415332
path:hsa05200	path:hsa04520	3.2415332
path:hsa04024	path:hsa04740	3.2367621
path:hsa04151	path:hsa04668	3.2250111
path:hsa04620	path:hsa04210	3.2200508
path:hsa04728	path:hsa04917	3.2162153
path:hsa04024	path:hsa04340	3.2090298
path:hsa04724	path:hsa05014	3.2028799
path:hsa04010	path:hsa04012	3.2013185
path:hsa04010	path:hsa04660	3.2013185
path:hsa04931	path:hsa04668	3.201314
path:hsa04723	path:hsa04724	3.1971779
path:hsa04024	path:hsa04923	3.1901287
path:hsa04810	path:hsa04722	3.1553461
path:hsa04015	path:hsa04611	3.1475731
path:hsa04010	path:hsa04070	3.1455206
path:hsa04151	path:hsa04932	3.1387093
path:hsa04210	path:hsa05222	3.1375199
path:hsa04010	path:hsa04114	3.1361132
path:hsa04024	path:hsa04260	3.127794
path:hsa04015	path:hsa04660	3.12324
path:hsa04010	path:hsa04750	3.1114892
path:hsa04210	path:hsa05020	3.1061782
path:hsa04014	path:hsa04660	3.1033941
path:hsa05170	path:hsa04020	3.09589
path:hsa04020	path:hsa04926	3.09589
path:hsa04020	path:hsa04927	3.09589
path:hsa04020	path:hsa04934	3.09589
path:hsa04020	path:hsa05225	3.09589
path:hsa04020	path:hsa04218	3.09589
path:hsa04020	path:hsa04659	3.09589
path:hsa04020	path:hsa04371	3.09589
path:hsa04020	path:hsa04658	3.09589
path:hsa04020	path:hsa04928	3.09589
path:hsa04020	path:hsa04742	3.09589
path:hsa04010	path:hsa04933	3.0954205
path:hsa04714	path:hsa04022	3.0919085
path:hsa05169	path:hsa04210	3.0898403
path:hsa04210	path:hsa05162	3.0898403
path:hsa04210	path:hsa05120	3.089803
path:hsa05166	path:hsa04210	3.0812121
path:hsa04210	path:hsa04064	3.062311
path:hsa04010	path:hsa04650	3.0561281
path:hsa04151	path:hsa04010	3.052222
path:hsa04010	path:hsa05215	3.052222
path:hsa04010	path:hsa04550	3.052222
path:hsa04010	path:hsa05213	3.052222
path:hsa04010	path:hsa04662	3.052222
path:hsa04010	path:hsa04917	3.052222
path:hsa04010	path:hsa04115	3.0502438
path:hsa05200	path:hsa04630	3.0394678
path:hsa04151	path:hsa04261	3.0370699
path:hsa04310	path:hsa04916	3.0334268
path:hsa04010	path:hsa04370	3.0333209
path:hsa04010	path:hsa05140	3.0333209
path:hsa04728	path:hsa05033	3.0295146
path:hsa04210	path:hsa05146	3.0188368
path:hsa04310	path:hsa05210	3.0094229
path:hsa05166	path:hsa04668	3.0061435
path:hsa04540	path:hsa04070	3.0059821
path:hsa04510	path:hsa04919	3.0029592
path:hsa04724	path:hsa04730	2.9884358
path:hsa05210	path:hsa05206	2.9879828
path:hsa04668	path:hsa04064	2.9872424
path:hsa04010	path:hsa04071	2.979285
path:hsa05203	path:hsa04062	2.9760503
path:hsa04210	path:hsa04110	2.9756383
path:hsa04151	path:hsa04015	2.9741435
path:hsa04010	path:hsa04620	2.9721931
path:hsa04010	path:hsa04621	2.9721931
path:hsa04024	path:hsa04976	2.9717605
path:hsa04620	path:hsa05152	2.9687976
path:hsa04621	path:hsa05152	2.9687976
path:hsa05161	path:hsa05203	2.9610281
path:hsa04151	path:hsa04014	2.9542976
path:hsa04012	path:hsa05210	2.934271
path:hsa04210	path:hsa04068	2.9331799
path:hsa04210	path:hsa05212	2.9331799
path:hsa04210	path:hsa05221	2.9331799
path:hsa04210	path:hsa05220	2.9331799
path:hsa04210	path:hsa04350	2.9331799
path:hsa04210	path:hsa04930	2.9331799
path:hsa04310	path:hsa04919	2.9249503
path:hsa05160	path:hsa05161	2.9249215
path:hsa04010	path:hsa05214	2.9234293
path:hsa05200	path:hsa04512	2.9170918
path:hsa05200	path:hsa03320	2.9170918
path:hsa04510	path:hsa04310	2.9091881
path:hsa04010	path:hsa04380	2.9075655
path:hsa00190	path:hsa05016	2.9044002
path:hsa04510	path:hsa05205	2.9015297
path:hsa04210	path:hsa04622	2.8956094
path:hsa04010	path:hsa04072	2.8737112
path:hsa05160	path:hsa05203	2.8583408
path:hsa04010	path:hsa05132	2.8431891
path:hsa04714	path:hsa04024	2.84213
path:hsa04024	path:hsa04926	2.84213
path:hsa04024	path:hsa04927	2.84213
path:hsa04024	path:hsa04934	2.84213
path:hsa04024	path:hsa00071	2.84213
path:hsa04024	path:hsa04928	2.84213
path:hsa04024	path:hsa01522	2.84213
path:hsa04010	path:hsa05169	2.8419826
path:hsa04010	path:hsa05120	2.8419453
path:hsa04010	path:hsa04810	2.8344187
path:hsa04010	path:hsa05211	2.8344187
path:hsa04010	path:hsa05166	2.8333544
path:hsa04310	path:hsa05205	2.8235208
path:hsa04810	path:hsa04360	2.8023821
path:hsa04210	path:hsa05143	2.7971274
path:hsa05032	path:hsa04728	2.7928277
path:hsa04151	path:hsa05210	2.7851745
path:hsa05210	path:hsa04115	2.7831963
path:hsa05164	path:hsa05416	2.7812628
path:hsa04510	path:hsa04070	2.7782383
path:hsa04014	path:hsa04072	2.7757868
path:hsa04932	path:hsa04930	2.7718095
path:hsa04115	path:hsa05014	2.7685779
path:hsa04970	path:hsa04973	2.76691
path:hsa04713	path:hsa04710	2.7650802
path:hsa04270	path:hsa00590	2.7628765
path:hsa04060	path:hsa04360	2.7563691
path:hsa04015	path:hsa04810	2.7563402
path:hsa05016	path:hsa03022	2.7483668
path:hsa05016	path:hsa03020	2.7483668
path:hsa04014	path:hsa04810	2.7364943
path:hsa04630	path:hsa04210	2.7311145
path:hsa04620	path:hsa05145	2.7306906
path:hsa04010	path:hsa04110	2.7277806
path:hsa04210	path:hsa04141	2.7229405
path:hsa04151	path:hsa04062	2.7201678
path:hsa04910	path:hsa04070	2.714088
path:hsa04151	path:hsa05161	2.7051456
path:hsa04620	path:hsa05164	2.7032121
path:hsa05164	path:hsa04621	2.7032121
path:hsa05161	path:hsa04115	2.7031674
path:hsa04932	path:hsa04920	2.7020384
path:hsa04151	path:hsa04919	2.7007019
path:hsa04919	path:hsa04115	2.6987237
path:hsa05142	path:hsa04070	2.6899149
path:hsa04010	path:hsa04150	2.6853222
path:hsa04010	path:hsa04914	2.6853222
path:hsa04010	path:hsa04066	2.6853222
path:hsa04010	path:hsa05218	2.6853222
path:hsa04010	path:hsa04068	2.6853222
path:hsa04010	path:hsa05231	2.6853222
path:hsa04010	path:hsa04664	2.6853222
path:hsa04010	path:hsa05212	2.6853222
path:hsa04010	path:hsa05221	2.6853222
path:hsa04010	path:hsa05223	2.6853222
path:hsa04010	path:hsa05220	2.6853222
path:hsa04010	path:hsa05230	2.6853222
path:hsa04010	path:hsa05131	2.6853222
path:hsa04010	path:hsa04350	2.6853222
path:hsa04010	path:hsa04520	2.6853222
path:hsa04010	path:hsa05219	2.6853222
path:hsa04010	path:hsa05216	2.6853222
path:hsa04151	path:hsa04510	2.6849397
path:hsa04722	path:hsa04120	2.6818082
path:hsa04919	path:hsa04330	2.6726276
path:hsa04510	path:hsa04370	2.6660386
path:hsa04151	path:hsa04915	2.6549625
path:hsa04915	path:hsa04917	2.6549625
path:hsa04010	path:hsa04622	2.6477517
path:hsa04151	path:hsa05203	2.6385649
path:hsa05203	path:hsa04662	2.6385649
path:hsa04970	path:hsa04530	2.6372795
path:hsa05203	path:hsa04115	2.6365867
path:hsa04261	path:hsa04260	2.6313927
path:hsa04724	path:hsa05033	2.6283055
path:hsa05161	path:hsa04620	2.6251167
path:hsa04151	path:hsa04910	2.6207894
path:hsa01100	path:hsa00590	2.6175828
path:hsa04010	path:hsa04920	2.6155511
path:hsa05165	path:hsa04210	2.6087385
path:hsa05163	path:hsa04210	2.6087385
path:hsa05167	path:hsa04210	2.6087385
path:hsa05170	path:hsa04210	2.6087385
path:hsa04210	path:hsa01521	2.6087385
path:hsa04210	path:hsa05418	2.6087385
path:hsa04210	path:hsa01522	2.6087385
path:hsa04210	path:hsa01524	2.6087385
path:hsa04210	path:hsa04657	2.6087385
path:hsa04210	path:hsa05332	2.6087385
path:hsa04210	path:hsa04217	2.6087385
path:hsa04210	path:hsa05320	2.6087385
path:hsa04210	path:hsa04215	2.6087385
path:hsa04210	path:hsa05330	2.6087385
path:hsa04210	path:hsa05130	2.6087385
path:hsa04210	path:hsa05144	2.6087385
path:hsa04210	path:hsa04940	2.6087385
path:hsa04015	path:hsa04520	2.6072437
path:hsa04310	path:hsa04550	2.6069308
path:hsa04310	path:hsa05213	2.6069308
path:hsa04310	path:hsa04115	2.6049526
path:hsa01100	path:hsa00562	2.603433
path:hsa00190	path:hsa04932	2.6034015
path:hsa04151	path:hsa05205	2.5992724
path:hsa04910	path:hsa04931	2.5970923
path:hsa04014	path:hsa05223	2.5873978
path:hsa05215	path:hsa05206	2.5854907
path:hsa05205	path:hsa04370	2.5803713
path:hsa04910	path:hsa04922	2.568628
path:hsa01100	path:hsa00230	2.5653657
path:hsa04932	path:hsa04141	2.5615701
path:hsa04151	path:hsa04611	2.556112
path:hsa04919	path:hsa04918	2.5400641
path:hsa05163	path:hsa04668	2.5336699
path:hsa05167	path:hsa04668	2.5336699
path:hsa05170	path:hsa04668	2.5336699
path:hsa04668	path:hsa04217	2.5336699
path:hsa04668	path:hsa04120	2.5336699
path:hsa04151	path:hsa04012	2.5317789
path:hsa04151	path:hsa04660	2.5317789
path:hsa04012	path:hsa05213	2.5317789
path:hsa04660	path:hsa05416	2.5298007
path:hsa04270	path:hsa04614	2.5264686
path:hsa04620	path:hsa05133	2.5250682
path:hsa04728	path:hsa00350	2.5248741
path:hsa04728	path:hsa04721	2.5248741
path:hsa05160	path:hsa04620	2.5224294
path:hsa04510	path:hsa05222	2.5223799
path:hsa01100	path:hsa00564	2.5210724
path:hsa04620	path:hsa05168	2.5204511
path:hsa04620	path:hsa05142	2.5165874
path:hsa04810	path:hsa04062	2.5023645
path:hsa04010	path:hsa04630	2.4832568
path:hsa04810	path:hsa04919	2.4828986
path:hsa04630	path:hsa05152	2.4798613
path:hsa04151	path:hsa04070	2.475981
path:hsa00590	path:hsa05145	2.467377
path:hsa05161	path:hsa04064	2.4673769
path:hsa04510	path:hsa04810	2.4671364
path:hsa01100	path:hsa00514	2.4647545
path:hsa04110	path:hsa05210	2.4607331
path:hsa05214	path:hsa05206	2.456698
path:hsa04060	path:hsa04062	2.4563515
path:hsa01100	path:hsa00920	2.4503669
path:hsa04932	path:hsa05225	2.4473681
path:hsa04932	path:hsa03320	2.4473681
path:hsa05218	path:hsa04916	2.4422786
path:hsa04620	path:hsa05134	2.4301734
path:hsa05203	path:hsa05169	2.4283255
path:hsa04151	path:hsa04933	2.4258809
path:hsa00190	path:hsa01100	2.4256175
path:hsa05222	path:hsa05206	2.4229309
path:hsa04810	path:hsa05203	2.4207616
path:hsa05203	path:hsa05166	2.4196973
path:hsa04150	path:hsa05210	2.4182747
path:hsa05210	path:hsa04350	2.4182747
path:hsa01100	path:hsa00512	2.4150441
path:hsa04270	path:hsa04926	2.4148778
path:hsa04270	path:hsa04371	2.4148778
path:hsa04270	path:hsa05418	2.4148778
path:hsa05012	path:hsa05020	2.4123129
path:hsa04510	path:hsa05146	2.4036968
path:hsa04012	path:hsa05214	2.4029862
path:hsa05203	path:hsa04064	2.4007962
path:hsa04925	path:hsa04960	2.3862526
path:hsa04151	path:hsa05215	2.3826824
path:hsa04151	path:hsa04550	2.3826824
path:hsa04151	path:hsa05213	2.3826824
path:hsa04151	path:hsa04662	2.3826824
path:hsa04151	path:hsa04917	2.3826824
path:hsa04810	path:hsa05205	2.3814691
path:hsa04151	path:hsa04115	2.3807042
path:hsa05161	path:hsa04110	2.3807042
path:hsa05215	path:hsa04115	2.3807042
path:hsa05213	path:hsa04115	2.3807042
path:hsa05164	path:hsa04622	2.3787707
path:hsa01100	path:hsa00565	2.3750444
path:hsa04151	path:hsa04370	2.3637813
path:hsa04010	path:hsa04714	2.3608808
path:hsa04010	path:hsa05163	2.3608808
path:hsa04010	path:hsa05167	2.3608808
path:hsa04010	path:hsa05170	2.3608808
path:hsa04010	path:hsa04926	2.3608808
path:hsa04010	path:hsa01521	2.3608808
path:hsa04010	path:hsa05226	2.3608808
path:hsa04010	path:hsa05224	2.3608808
path:hsa04010	path:hsa05225	2.3608808
path:hsa04010	path:hsa04659	2.3608808
path:hsa04010	path:hsa04371	2.3608808
path:hsa04010	path:hsa04140	2.3608808
path:hsa04010	path:hsa05418	2.3608808
path:hsa04010	path:hsa04658	2.3608808
path:hsa04010	path:hsa01522	2.3608808
path:hsa04010	path:hsa04657	2.3608808
path:hsa04510	path:hsa04110	2.3604983
path:hsa04151	path:hsa04931	2.3589853
path:hsa05152	path:hsa04612	2.3574853
path:hsa04611	path:hsa05211	2.3383087
path:hsa04150	path:hsa04919	2.3338021
path:hsa04066	path:hsa04919	2.3338021
path:hsa05162	path:hsa04660	2.3215395
path:hsa04510	path:hsa05131	2.3180399
path:hsa05203	path:hsa04110	2.3141235
path:hsa04810	path:hsa04660	2.3139756
path:hsa05166	path:hsa04660	2.3129113
path:hsa04915	path:hsa04913	2.31162
path:hsa04912	path:hsa04913	2.31162
path:hsa04151	path:hsa04071	2.3097454
path:hsa04151	path:hsa04620	2.3026535
path:hsa05161	path:hsa04622	2.3006753
path:hsa04260	path:hsa04919	2.2950247
path:hsa04660	path:hsa04064	2.2940102
path:hsa04620	path:hsa05140	2.2837524
path:hsa04310	path:hsa04390	2.2824894
path:hsa04310	path:hsa04110	2.2824894
path:hsa04310	path:hsa05217	2.2824894
path:hsa04910	path:hsa04923	2.2774469
path:hsa04910	path:hsa04913	2.2774469
path:hsa05205	path:hsa04340	2.274831
path:hsa01100	path:hsa00010	2.2695841
path:hsa01100	path:hsa00980	2.2695841
path:hsa01100	path:hsa00830	2.2695841
path:hsa01100	path:hsa00983	2.2695841
path:hsa01100	path:hsa00561	2.2695841
path:hsa01100	path:hsa00240	2.2695841
path:hsa01100	path:hsa00510	2.2695841
path:hsa01100	path:hsa00140	2.2695841
path:hsa01100	path:hsa00330	2.2695841
path:hsa01100	path:hsa00270	2.2695841
path:hsa01100	path:hsa00280	2.2695841
path:hsa01100	path:hsa00982	2.2695841
path:hsa01100	path:hsa00520	2.2695841
path:hsa01100	path:hsa00860	2.2695841
path:hsa01100	path:hsa00600	2.2695841
path:hsa01100	path:hsa00260	2.2695841
path:hsa01100	path:hsa00071	2.2695841
path:hsa01100	path:hsa00380	2.2695841
path:hsa01100	path:hsa00500	2.2695841
path:hsa01100	path:hsa00350	2.2695841
path:hsa01100	path:hsa00250	2.2695841
path:hsa01100	path:hsa00040	2.2695841
path:hsa01100	path:hsa00620	2.2695841
path:hsa01100	path:hsa00640	2.2695841
path:hsa01100	path:hsa00052	2.2695841
path:hsa01100	path:hsa00760	2.2695841
path:hsa01100	path:hsa00020	2.2695841
path:hsa01100	path:hsa00630	2.2695841
path:hsa01100	path:hsa00591	2.2695841
path:hsa01100	path:hsa00410	2.2695841
path:hsa01100	path:hsa00030	2.2695841
path:hsa01100	path:hsa00601	2.2695841
path:hsa01100	path:hsa00051	2.2695841
path:hsa01100	path:hsa00053	2.2695841
path:hsa01100	path:hsa00790	2.2695841
path:hsa01100	path:hsa00650	2.2695841
path:hsa01100	path:hsa00592	2.2695841
path:hsa01100	path:hsa00480	2.2695841
path:hsa01100	path:hsa00062	2.2695841
path:hsa01100	path:hsa00563	2.2695841
path:hsa01100	path:hsa00515	2.2695841
path:hsa01100	path:hsa01040	2.2695841
path:hsa01100	path:hsa00220	2.2695841
path:hsa01100	path:hsa00340	2.2695841
path:hsa01100	path:hsa00310	2.2695841
path:hsa01100	path:hsa00531	2.2695841
path:hsa01100	path:hsa00670	2.2695841
path:hsa01100	path:hsa00730	2.2695841
path:hsa01100	path:hsa00100	2.2695841
path:hsa01100	path:hsa00770	2.2695841
path:hsa01100	path:hsa00604	2.2695841
path:hsa01100	path:hsa00603	2.2695841
path:hsa01100	path:hsa00534	2.2695841
path:hsa01100	path:hsa00360	2.2695841
path:hsa01100	path:hsa00120	2.2695841
path:hsa01100	path:hsa00061	2.2695841
path:hsa01100	path:hsa00900	2.2695841
path:hsa01100	path:hsa00532	2.2695841
path:hsa01100	path:hsa00430	2.2695841
path:hsa01100	path:hsa00130	2.2695841
path:hsa01100	path:hsa00072	2.2695841
path:hsa01100	path:hsa00511	2.2695841
path:hsa01100	path:hsa00533	2.2695841
path:hsa01100	path:hsa00450	2.2695841
path:hsa01100	path:hsa00740	2.2695841
path:hsa01100	path:hsa00750	2.2695841
path:hsa01100	path:hsa00440	2.2695841
path:hsa01100	path:hsa00524	2.2695841
path:hsa01100	path:hsa00400	2.2695841
path:hsa01100	path:hsa00232	2.2695841
path:hsa01100	path:hsa00910	2.2695841
path:hsa01100	path:hsa00471	2.2695841
path:hsa01100	path:hsa00290	2.2695841
path:hsa01100	path:hsa00785	2.2695841
path:hsa01100	path:hsa00780	2.2695841
path:hsa01100	path:hsa00472	2.2695841
path:hsa04014	path:hsa04144	2.2629564
path:hsa04150	path:hsa04910	2.2538896
path:hsa04910	path:hsa04068	2.2538896
path:hsa04910	path:hsa04930	2.2538896
path:hsa05214	path:hsa04115	2.2519115
path:hsa04152	path:hsa04910	2.2419733
path:hsa04630	path:hsa05145	2.2417543
path:hsa04310	path:hsa04350	2.240031
path:hsa04310	path:hsa04520	2.240031
path:hsa04310	path:hsa05216	2.240031
path:hsa04151	path:hsa04380	2.2380259
path:hsa04150	path:hsa05205	2.2323726
path:hsa05205	path:hsa04066	2.2323726
path:hsa05205	path:hsa04350	2.2323726
path:hsa05205	path:hsa04520	2.2323726
path:hsa05142	path:hsa04350	2.2297165
path:hsa00190	path:hsa04723	2.2295463
path:hsa00564	path:hsa04725	2.2295204
path:hsa04620	path:hsa04621	2.2226246
path:hsa04540	path:hsa05412	2.2213423
path:hsa04151	path:hsa05222	2.2201226
path:hsa05206	path:hsa05223	2.2185909
path:hsa05206	path:hsa05219	2.2185909
path:hsa05222	path:hsa04115	2.2181444
path:hsa04630	path:hsa05164	2.2142758
path:hsa00590	path:hsa04611	2.2127695
path:hsa04110	path:hsa04012	2.2073375
path:hsa04151	path:hsa04072	2.2041716
path:hsa05160	path:hsa04622	2.197988
path:hsa05168	path:hsa04622	2.1960097
path:hsa04910	path:hsa04920	2.1841185
path:hsa05169	path:hsa04662	2.172443
path:hsa05162	path:hsa04662	2.172443
path:hsa05169	path:hsa04115	2.1704648
path:hsa05162	path:hsa04115	2.1704648
path:hsa04810	path:hsa04662	2.1648791
path:hsa04150	path:hsa04012	2.1648791
path:hsa04012	path:hsa05212	2.1648791
path:hsa04012	path:hsa05223	2.1648791
path:hsa04012	path:hsa05219	2.1648791
path:hsa04151	path:hsa05166	2.1638148
path:hsa05166	path:hsa04115	2.1618366
path:hsa04330	path:hsa05020	2.1607066
path:hsa04630	path:hsa04062	2.1512026
path:hsa04666	path:hsa05140	2.145978
path:hsa04370	path:hsa05211	2.145978
path:hsa05215	path:hsa05204	2.1458297
path:hsa04151	path:hsa04064	2.1449137
path:hsa04064	path:hsa04662	2.1449137
path:hsa04630	path:hsa05161	2.1361804
path:hsa04072	path:hsa04071	2.1312346
path:hsa04724	path:hsa04721	2.123665
path:hsa04060	path:hsa04650	2.1227722
path:hsa05145	path:hsa04144	2.1193783
path:hsa04060	path:hsa05215	2.1188661
path:hsa04916	path:hsa00350	2.1178372
path:hsa04660	path:hsa05322	2.1140893
path:hsa04664	path:hsa04070	2.1090812
path:hsa04910	path:hsa04213	2.1024465
path:hsa04110	path:hsa04933	2.1014395
path:hsa04114	path:hsa04914	2.0996738
path:hsa00590	path:hsa04750	2.0986071
path:hsa05210	path:hsa03430	2.0938333
path:hsa04620	path:hsa05132	2.0936206
path:hsa04620	path:hsa05169	2.0924141
path:hsa04620	path:hsa05162	2.0924141
path:hsa05164	path:hsa03013	2.0918998
path:hsa05164	path:hsa03015	2.0918998
path:hsa05164	path:hsa04144	2.0918998
path:hsa05164	path:hsa00900	2.0918998
path:hsa04910	path:hsa04211	2.0785447
path:hsa04727	path:hsa04723	2.0735129
path:hsa04723	path:hsa04721	2.0735129
path:hsa00190	path:hsa05012	2.0709066
path:hsa04630	path:hsa05203	2.0695997
path:hsa04620	path:hsa04064	2.0648848
path:hsa04621	path:hsa04064	2.0648848
path:hsa05133	path:hsa04610	2.0640669
path:hsa05168	path:hsa04610	2.0594498
path:hsa04933	path:hsa04350	2.0589811
path:hsa04151	path:hsa04110	2.058241
path:hsa05215	path:hsa04110	2.058241
path:hsa04110	path:hsa05213	2.058241
path:hsa04110	path:hsa04115	2.0562628
path:hsa04110	path:hsa05416	2.0562628
path:hsa05217	path:hsa04115	2.0562628
path:hsa05142	path:hsa04610	2.0555861
path:hsa04925	path:hsa04614	2.0437714
path:hsa04917	path:hsa04913	2.0393399
path:hsa04060	path:hsa04620	2.0388372
path:hsa04630	path:hsa05160	2.0334931
path:hsa04630	path:hsa05168	2.0315148
path:hsa05012	path:hsa04141	2.0290752
path:hsa04062	path:hsa04670	2.0288266
path:hsa04620	path:hsa05146	2.0214106
path:hsa00590	path:hsa04370	2.0204388
path:hsa00590	path:hsa05140	2.0204388
path:hsa04151	path:hsa04150	2.0157826
path:hsa04151	path:hsa04066	2.0157826
path:hsa04151	path:hsa05218	2.0157826
path:hsa04151	path:hsa04068	2.0157826
path:hsa04151	path:hsa05231	2.0157826
path:hsa04151	path:hsa05212	2.0157826
path:hsa04151	path:hsa05221	2.0157826
path:hsa04151	path:hsa05223	2.0157826
path:hsa04151	path:hsa05220	2.0157826
path:hsa04151	path:hsa05230	2.0157826
path:hsa04550	path:hsa04350	2.0157826
path:hsa05213	path:hsa04520	2.0157826
path:hsa04611	path:hsa04610	2.0150818
path:hsa05161	path:hsa05225	2.0138044
path:hsa05218	path:hsa04115	2.0138044
path:hsa05212	path:hsa04115	2.0138044
path:hsa05223	path:hsa04115	2.0138044
path:hsa05220	path:hsa04115	2.0138044
path:hsa04115	path:hsa05219	2.0138044
path:hsa04115	path:hsa05216	2.0138044
path:hsa04971	path:hsa04974	2.0100317
path:hsa00010	path:hsa04919	2.0093607
path:hsa04911	path:hsa04917	2.0093606
path:hsa04151	path:hsa04152	2.0038663
path:hsa04972	path:hsa04975	2.0035867
path:hsa04380	path:hsa04064	2.0002572
path:hsa04066	path:hsa04370	1.9968815
path:hsa04370	path:hsa05212	1.9968815
path:hsa04370	path:hsa05219	1.9968815
path:hsa05165	path:hsa04510	1.9935985
path:hsa04510	path:hsa04512	1.9935985
path:hsa04510	path:hsa05418	1.9935985
path:hsa04510	path:hsa05100	1.9935985
path:hsa04150	path:hsa04931	1.9920855
path:hsa04931	path:hsa05230	1.9920855
path:hsa05204	path:hsa05222	1.9832699
path:hsa04725	path:hsa04721	1.9780321
path:hsa04260	path:hsa05416	1.975027
path:hsa04610	path:hsa05134	1.9691721
path:hsa04662	path:hsa05322	1.9649928
path:hsa04915	path:hsa04727	1.9636213
path:hsa04915	path:hsa05224	1.9636213
path:hsa04068	path:hsa04922	1.9636212
path:hsa04810	path:hsa05132	1.9558462
path:hsa05165	path:hsa05203	1.9472237
path:hsa05203	path:hsa05167	1.9472237
path:hsa05203	path:hsa03022	1.9472237
path:hsa05203	path:hsa04142	1.9472237
path:hsa04810	path:hsa04666	1.9470758
path:hsa04621	path:hsa05131	1.9357537
path:hsa05169	path:hsa04064	1.9346743
path:hsa04925	path:hsa00140	1.9321806
path:hsa04110	path:hsa05214	1.9294483
path:hsa00010	path:hsa04910	1.9294482
path:hsa04910	path:hsa04140	1.9294482
path:hsa04910	path:hsa00500	1.9294482
path:hsa04910	path:hsa00061	1.9294482
path:hsa04910	path:hsa04950	1.9294482
path:hsa05166	path:hsa04064	1.9260461
path:hsa04972	path:hsa04974	1.9250855
path:hsa05165	path:hsa04310	1.9155896
path:hsa04310	path:hsa05167	1.9155896
path:hsa04310	path:hsa04934	1.9155896
path:hsa04310	path:hsa05226	1.9155896
path:hsa04310	path:hsa05224	1.9155896
path:hsa04310	path:hsa05225	1.9155896
path:hsa04310	path:hsa04928	1.9155896
path:hsa04310	path:hsa05412	1.9155896
path:hsa04310	path:hsa04120	1.9155896
path:hsa05012	path:hsa00350	1.9148732
path:hsa05012	path:hsa04120	1.9148732
path:hsa05160	path:hsa05225	1.9111171
path:hsa05160	path:hsa04514	1.9111171
path:hsa05160	path:hsa04144	1.9111171
path:hsa05160	path:hsa03320	1.9111171
path:hsa05168	path:hsa04612	1.9091388
path:hsa05168	path:hsa04120	1.9091388
path:hsa05168	path:hsa03040	1.9091388
path:hsa05168	path:hsa04710	1.9091388
path:hsa05142	path:hsa00330	1.9052751
path:hsa04750	path:hsa04610	1.9009194
path:hsa05222	path:hsa04110	1.8956812
path:hsa04924	path:hsa04614	1.8900272
path:hsa04150	path:hsa05214	1.8869899
path:hsa04810	path:hsa05146	1.8836362
path:hsa04060	path:hsa04064	1.8810974
path:hsa04151	path:hsa04213	1.8643395
path:hsa04931	path:hsa00514	1.8628145
path:hsa04630	path:hsa04933	1.8569157
path:hsa05169	path:hsa04110	1.8480016
path:hsa04110	path:hsa05162	1.8480016
path:hsa04933	path:hsa04614	1.8461305
path:hsa04662	path:hsa04610	1.8416522
path:hsa04151	path:hsa04211	1.8404377
path:hsa01521	path:hsa04012	1.8404377
path:hsa04659	path:hsa04660	1.8404377
path:hsa05321	path:hsa04660	1.8404377
path:hsa04012	path:hsa04928	1.8404377
path:hsa04012	path:hsa01524	1.8404377
path:hsa04660	path:hsa04658	1.8404377
path:hsa04660	path:hsa04514	1.8404377
path:hsa04660	path:hsa04612	1.8404377
path:hsa04660	path:hsa05332	1.8404377
path:hsa04660	path:hsa05320	1.8404377
path:hsa04660	path:hsa05330	1.8404377
path:hsa04660	path:hsa05150	1.8404377
path:hsa04660	path:hsa05323	1.8404377
path:hsa04660	path:hsa04120	1.8404377
path:hsa04660	path:hsa05310	1.8404377
path:hsa04660	path:hsa04672	1.8404377
path:hsa04660	path:hsa05340	1.8404377
path:hsa04660	path:hsa04940	1.8404377
path:hsa05166	path:hsa04110	1.8393734
path:hsa04211	path:hsa04115	1.8384595
path:hsa04150	path:hsa04072	1.8372718
path:hsa04072	path:hsa04664	1.8372718
path:hsa04145	path:hsa05140	1.830307
path:hsa05140	path:hsa04610	1.8227511
path:hsa04630	path:hsa04650	1.8176233
path:hsa04151	path:hsa04630	1.8137172
path:hsa04630	path:hsa04550	1.8137172
path:hsa04630	path:hsa04917	1.8137172
path:hsa04972	path:hsa04973	1.8134947
path:hsa04620	path:hsa05143	1.7997012
path:hsa04810	path:hsa04150	1.7979793
path:hsa04810	path:hsa05231	1.7979793
path:hsa04810	path:hsa05131	1.7979793
path:hsa04810	path:hsa04520	1.7979793
path:hsa04066	path:hsa05211	1.7979793
path:hsa05211	path:hsa04350	1.7979793
path:hsa05166	path:hsa04350	1.796915
path:hsa04630	path:hsa05140	1.7948161
path:hsa05211	path:hsa04911	1.7915573
path:hsa04070	path:hsa04144	1.7846398
path:hsa04114	path:hsa04120	1.7752324
path:hsa04620	path:hsa04145	1.7691792
path:hsa04971	path:hsa04530	1.7688104
path:hsa05169	path:hsa04622	1.7679727
path:hsa05162	path:hsa04622	1.7679727
path:hsa04060	path:hsa04520	1.7519663
path:hsa04622	path:hsa04064	1.7404434
path:hsa04110	path:hsa05217	1.7337996
path:hsa05217	path:hsa04340	1.7337996
path:hsa04630	path:hsa04620	1.7336883
path:hsa04060	path:hsa05322	1.7011765
path:hsa00590	path:hsa04923	1.6959974
path:hsa05167	path:hsa04650	1.6952473
path:hsa04650	path:hsa04612	1.6952473
path:hsa04650	path:hsa05332	1.6952473
path:hsa04151	path:hsa05165	1.6913412
path:hsa04151	path:hsa05163	1.6913412
path:hsa04151	path:hsa05167	1.6913412
path:hsa04151	path:hsa00010	1.6913412
path:hsa04151	path:hsa05170	1.6913412
path:hsa04151	path:hsa04926	1.6913412
path:hsa04151	path:hsa01521	1.6913412
path:hsa04151	path:hsa05226	1.6913412
path:hsa04151	path:hsa05224	1.6913412
path:hsa04151	path:hsa05225	1.6913412
path:hsa04151	path:hsa04371	1.6913412
path:hsa04151	path:hsa05418	1.6913412
path:hsa04151	path:hsa01522	1.6913412
path:hsa05215	path:hsa00140	1.6913412
path:hsa05215	path:hsa05202	1.6913412
path:hsa04914	path:hsa04110	1.6913412
path:hsa05218	path:hsa04110	1.6913412
path:hsa04068	path:hsa04110	1.6913412
path:hsa04390	path:hsa04350	1.6913412
path:hsa04390	path:hsa04520	1.6913412
path:hsa04110	path:hsa05212	1.6913412
path:hsa04110	path:hsa05221	1.6913412
path:hsa04110	path:hsa05223	1.6913412
path:hsa04110	path:hsa05220	1.6913412
path:hsa04110	path:hsa05131	1.6913412
path:hsa04110	path:hsa04350	1.6913412
path:hsa04110	path:hsa05219	1.6913412
path:hsa05217	path:hsa04350	1.6913412
path:hsa04662	path:hsa05320	1.6913412
path:hsa04662	path:hsa05330	1.6913412
path:hsa04662	path:hsa05150	1.6913412
path:hsa04662	path:hsa05310	1.6913412
path:hsa04662	path:hsa04672	1.6913412
path:hsa04662	path:hsa05340	1.6913412
path:hsa00230	path:hsa04740	1.6904137
path:hsa05165	path:hsa04115	1.689363
path:hsa05167	path:hsa04115	1.689363
path:hsa04512	path:hsa05416	1.689363
path:hsa05226	path:hsa04115	1.689363
path:hsa05224	path:hsa04115	1.689363
path:hsa05225	path:hsa04115	1.689363
path:hsa04218	path:hsa04115	1.689363
path:hsa05414	path:hsa05416	1.689363
path:hsa01524	path:hsa04115	1.689363
path:hsa04612	path:hsa05416	1.689363
path:hsa04115	path:hsa05202	1.689363
path:hsa04530	path:hsa04972	1.6838642
path:hsa04972	path:hsa04977	1.6838642
path:hsa04152	path:hsa04110	1.6794249
path:hsa04926	path:hsa04370	1.6724401
path:hsa00590	path:hsa04664	1.6724401
path:hsa04370	path:hsa05323	1.6724401
path:hsa05140	path:hsa04120	1.6724401
path:hsa04350	path:hsa04913	1.6724401
path:hsa04630	path:hsa04380	1.6690607
path:hsa00010	path:hsa04931	1.6676441
path:hsa04931	path:hsa00520	1.6676441
path:hsa04931	path:hsa00061	1.6676441
path:hsa05165	path:hsa04330	1.6632669
path:hsa05224	path:hsa04330	1.6632669
path:hsa04658	path:hsa04330	1.6632669
path:hsa01522	path:hsa04330	1.6632669
path:hsa04150	path:hsa04066	1.6488828
path:hsa04150	path:hsa05231	1.6488828
path:hsa04150	path:hsa05221	1.6488828
path:hsa04150	path:hsa05230	1.6488828
path:hsa04066	path:hsa05230	1.6488828
path:hsa05218	path:hsa04520	1.6488828
path:hsa04068	path:hsa04350	1.6488828
path:hsa05212	path:hsa04350	1.6488828
path:hsa05220	path:hsa04350	1.6488828
path:hsa04350	path:hsa04520	1.6488828
path:hsa04520	path:hsa05219	1.6488828
path:hsa04520	path:hsa05216	1.6488828
path:hsa04610	path:hsa05020	1.6477507
path:hsa00010	path:hsa04922	1.6391798
path:hsa04922	path:hsa00020	1.6391798
path:hsa04922	path:hsa04217	1.6391798
path:hsa04922	path:hsa00061	1.6391798
path:hsa00190	path:hsa05120	1.6370979
path:hsa04150	path:hsa04152	1.6369665
path:hsa04666	path:hsa04145	1.6314048
path:hsa04071	path:hsa00600	1.6184042
path:hsa04071	path:hsa04142	1.6184042
path:hsa04141	path:hsa05020	1.6116417
path:hsa05165	path:hsa04620	1.6113123
path:hsa05167	path:hsa04620	1.6113123
path:hsa04620	path:hsa05170	1.6113123
path:hsa04620	path:hsa04659	1.6113123
path:hsa04620	path:hsa05321	1.6113123
path:hsa04620	path:hsa05332	1.6113123
path:hsa04620	path:hsa05130	1.6113123
path:hsa04620	path:hsa05323	1.6113123
path:hsa04620	path:hsa04120	1.6113123
path:hsa04620	path:hsa05144	1.6113123
path:hsa04621	path:hsa05321	1.6113123
path:hsa04621	path:hsa04140	1.6113123
path:hsa04630	path:hsa05132	1.6046843
path:hsa04630	path:hsa05169	1.6034778
path:hsa04630	path:hsa05162	1.6034778
path:hsa04211	path:hsa04064	1.602669
path:hsa00564	path:hsa00562	1.5853372
path:hsa04920	path:hsa04930	1.5791117
path:hsa00564	path:hsa05231	1.5759297
path:hsa04152	path:hsa04920	1.5671954
path:hsa01521	path:hsa05214	1.5625485
path:hsa05146	path:hsa04610	1.5604093
path:hsa04630	path:hsa04060	1.5499009
path:hsa04380	path:hsa04928	1.5466847
path:hsa04380	path:hsa05323	1.5466847
path:hsa00350	path:hsa04918	1.5307034
path:hsa04530	path:hsa04918	1.5307034
path:hsa05320	path:hsa04918	1.5307034
path:hsa00480	path:hsa04918	1.5307034
path:hsa04512	path:hsa05222	1.5287814
path:hsa04974	path:hsa04978	1.5240126
path:hsa04072	path:hsa00561	1.5128304
path:hsa04072	path:hsa04144	1.5128304
path:hsa04727	path:hsa05033	1.5046405
path:hsa04150	path:hsa04213	1.4974397
path:hsa04068	path:hsa04213	1.4974397
path:hsa04140	path:hsa05020	1.4974397
path:hsa04144	path:hsa05020	1.4974397
path:hsa04630	path:hsa04110	1.4892758
path:hsa04152	path:hsa04213	1.4855234
path:hsa05100	path:hsa05132	1.4823083
path:hsa04530	path:hsa05132	1.4823083
path:hsa05169	path:hsa04612	1.4811018
path:hsa05169	path:hsa03050	1.4811018
path:hsa05162	path:hsa04120	1.4811018
path:hsa05226	path:hsa05120	1.4810645
path:hsa04530	path:hsa05120	1.4810645
path:hsa05163	path:hsa04810	1.4735379
path:hsa04810	path:hsa05170	1.4735379
path:hsa04810	path:hsa04670	1.4735379
path:hsa04810	path:hsa05100	1.4735379
path:hsa04810	path:hsa04530	1.4735379
path:hsa04810	path:hsa05130	1.4735379
path:hsa04150	path:hsa04211	1.4735379
path:hsa04068	path:hsa04211	1.4735379
path:hsa04666	path:hsa04144	1.4735379
path:hsa05211	path:hsa00020	1.4735379
path:hsa05211	path:hsa05202	1.4735379
path:hsa05211	path:hsa04120	1.4735379
path:hsa05166	path:hsa03013	1.4724736
path:hsa05166	path:hsa04612	1.4724736
path:hsa04928	path:hsa04961	1.4711803
path:hsa04530	path:hsa04961	1.4711803
path:hsa04144	path:hsa04961	1.4711803
path:hsa00230	path:hsa04146	1.4687799
path:hsa04152	path:hsa04211	1.4616216
path:hsa00980	path:hsa05204	1.4544885
path:hsa04934	path:hsa04960	1.454072
path:hsa00140	path:hsa04960	1.454072
path:hsa04530	path:hsa04960	1.454072
path:hsa04120	path:hsa04960	1.454072
path:hsa05165	path:hsa04064	1.4535725
path:hsa05163	path:hsa04064	1.4535725
path:hsa05167	path:hsa04064	1.4535725
path:hsa05170	path:hsa04064	1.4535725
path:hsa04926	path:hsa04064	1.4535725
path:hsa04659	path:hsa04064	1.4535725
path:hsa05418	path:hsa04064	1.4535725
path:hsa04658	path:hsa04064	1.4535725
path:hsa04064	path:hsa04623	1.4535725
path:hsa04064	path:hsa04657	1.4535725
path:hsa04064	path:hsa04120	1.4535725
path:hsa04064	path:hsa01523	1.4535725
path:hsa04976	path:hsa04975	1.449353
path:hsa04630	path:hsa04068	1.4468174
path:hsa04630	path:hsa05212	1.4468174
path:hsa04630	path:hsa05221	1.4468174
path:hsa04930	path:hsa04141	1.4386434
path:hsa05221	path:hsa04640	1.4360322
path:hsa04060	path:hsa05321	1.4275249
path:hsa04060	path:hsa04657	1.4275249
path:hsa04060	path:hsa05332	1.4275249
path:hsa04060	path:hsa04144	1.4275249
path:hsa04060	path:hsa05310	1.4275249
path:hsa00564	path:hsa04146	1.4244866
path:hsa04610	path:hsa05322	1.4239626
path:hsa04973	path:hsa04978	1.4124218
path:hsa00330	path:hsa05146	1.4100983
path:hsa05146	path:hsa04612	1.4100983
path:hsa05146	path:hsa04144	1.4100983
path:hsa05146	path:hsa04672	1.4100983
path:hsa04630	path:hsa04622	1.4092469
path:hsa04630	path:hsa05322	1.3960276
path:hsa05165	path:hsa04110	1.3668998
path:hsa05163	path:hsa04110	1.3668998
path:hsa05167	path:hsa04110	1.3668998
path:hsa05170	path:hsa04110	1.3668998
path:hsa04934	path:hsa04110	1.3668998
path:hsa05226	path:hsa04110	1.3668998
path:hsa05224	path:hsa04110	1.3668998
path:hsa05225	path:hsa04110	1.3668998
path:hsa04390	path:hsa04530	1.3668998
path:hsa04390	path:hsa04392	1.3668998
path:hsa04390	path:hsa04120	1.3668998
path:hsa04110	path:hsa04218	1.3668998
path:hsa04110	path:hsa01522	1.3668998
path:hsa04110	path:hsa01524	1.3668998
path:hsa04110	path:hsa05100	1.3668998
path:hsa04110	path:hsa04120	1.3668998
path:hsa04120	path:hsa04340	1.3668998
path:hsa00564	path:hsa00565	1.3569486
path:hsa04714	path:hsa04923	1.3479987
path:hsa05163	path:hsa00590	1.3479987
path:hsa00590	path:hsa00591	1.3479987
path:hsa00561	path:hsa04923	1.3479987
path:hsa00140	path:hsa04913	1.3479987
path:hsa04371	path:hsa04923	1.3479987
path:hsa01522	path:hsa04913	1.3479987
path:hsa04610	path:hsa05143	1.3386999
path:hsa00562	path:hsa00010	1.3338489
path:hsa05165	path:hsa04150	1.3244414
path:hsa05165	path:hsa04520	1.3244414
path:hsa04714	path:hsa04150	1.3244414
path:hsa05163	path:hsa04150	1.3244414
path:hsa04150	path:hsa05170	1.3244414
path:hsa04150	path:hsa01521	1.3244414
path:hsa04150	path:hsa00561	1.3244414
path:hsa04150	path:hsa04218	1.3244414
path:hsa04150	path:hsa04371	1.3244414
path:hsa04150	path:hsa04140	1.3244414
path:hsa00010	path:hsa04068	1.3244414
path:hsa00010	path:hsa05230	1.3244414
path:hsa04926	path:hsa04350	1.3244414
path:hsa01521	path:hsa05212	1.3244414
path:hsa01521	path:hsa05223	1.3244414
path:hsa05226	path:hsa04350	1.3244414
path:hsa05226	path:hsa04520	1.3244414
path:hsa04066	path:hsa04659	1.3244414
path:hsa04066	path:hsa00020	1.3244414
path:hsa04066	path:hsa04120	1.3244414
path:hsa05225	path:hsa04350	1.3244414
path:hsa04068	path:hsa04218	1.3244414
path:hsa04068	path:hsa04140	1.3244414
path:hsa04068	path:hsa00020	1.3244414
path:hsa04068	path:hsa04120	1.3244414
path:hsa04659	path:hsa04350	1.3244414
path:hsa04140	path:hsa05131	1.3244414
path:hsa00260	path:hsa05230	1.3244414
path:hsa04664	path:hsa05310	1.3244414
path:hsa04514	path:hsa04520	1.3244414
path:hsa05221	path:hsa05202	1.3244414
path:hsa05414	path:hsa04350	1.3244414
path:hsa05410	path:hsa04350	1.3244414
path:hsa05100	path:hsa05131	1.3244414
path:hsa00250	path:hsa05230	1.3244414
path:hsa05230	path:hsa00020	1.3244414
path:hsa05230	path:hsa00030	1.3244414
path:hsa05230	path:hsa00471	1.3244414
path:hsa04530	path:hsa04520	1.3244414
path:hsa05131	path:hsa05130	1.3244414
path:hsa04350	path:hsa04144	1.3244414
path:hsa04350	path:hsa04120	1.3244414
path:hsa04930	path:hsa04950	1.3244414
path:hsa04520	path:hsa05130	1.3244414
path:hsa05202	path:hsa05216	1.3244414
path:hsa03320	path:hsa05216	1.3244414
path:hsa04211	path:hsa04213	1.3220948
path:hsa00561	path:hsa04975	1.3197225
path:hsa04975	path:hsa04979	1.3197225
path:hsa04975	path:hsa04977	1.3197225
path:hsa00010	path:hsa04152	1.3125251
path:hsa04152	path:hsa04371	1.3125251
path:hsa04152	path:hsa04140	1.3125251
path:hsa04152	path:hsa00500	1.3125251
path:hsa04152	path:hsa01040	1.3125251
path:hsa04152	path:hsa00061	1.3125251
path:hsa04145	path:hsa04610	1.3081779
path:hsa00230	path:hsa00250	1.2957816
path:hsa00230	path:hsa00030	1.2957816
path:hsa00230	path:hsa00730	1.2957816
path:hsa00230	path:hsa01523	1.2957816
path:hsa00230	path:hsa00740	1.2957816
path:hsa00230	path:hsa00232	1.2957816
path:hsa04622	path:hsa04623	1.2868709
path:hsa04622	path:hsa04120	1.2868709
path:hsa04260	path:hsa05414	1.285664
path:hsa04260	path:hsa05410	1.285664
path:hsa04260	path:hsa05412	1.285664
path:hsa00860	path:hsa04978	1.2827913
path:hsa00565	path:hsa04146	1.2784586
path:hsa04670	path:hsa05322	1.2736516
path:hsa04514	path:hsa05322	1.2736516
path:hsa04612	path:hsa05322	1.2736516
path:hsa04727	path:hsa05032	1.2679536
path:hsa04920	path:hsa03320	1.2546703
path:hsa00564	path:hsa00561	1.2514883
path:hsa00380	path:hsa05143	1.1883889
path:hsa00270	path:hsa00920	1.1807828
path:hsa00830	path:hsa04146	1.1729983
path:hsa00071	path:hsa04146	1.1729983
path:hsa03320	path:hsa04146	1.1729983
path:hsa00120	path:hsa04146	1.1729983
path:hsa04146	path:hsa00900	1.1729983
path:hsa04530	path:hsa04962	1.1578669
path:hsa04145	path:hsa04612	1.1578669
path:hsa04145	path:hsa04144	1.1578669
path:hsa04145	path:hsa04142	1.1578669
path:hsa04144	path:hsa04962	1.1578669
path:hsa00190	path:hsa04714	1.1560334
path:hsa00190	path:hsa05110	1.1560334
path:hsa05167	path:hsa04610	1.150311
path:hsa04514	path:hsa04610	1.150311
path:hsa04610	path:hsa05150	1.150311
path:hsa04610	path:hsa05144	1.150311
path:hsa04211	path:hsa04140	1.1490965
path:hsa00512	path:hsa00533	1.14546
path:hsa00010	path:hsa04964	1.1296305
path:hsa04530	path:hsa04976	1.1296305
path:hsa04530	path:hsa04973	1.1296305
path:hsa00020	path:hsa04964	1.1296305
path:hsa04976	path:hsa04144	1.1296305
path:hsa04976	path:hsa00120	1.1296305
path:hsa04976	path:hsa04979	1.1296305
path:hsa04976	path:hsa04977	1.1296305
path:hsa04742	path:hsa04973	1.1296305
path:hsa05165	path:hsa04630	1.122376
path:hsa04630	path:hsa05163	1.122376
path:hsa04630	path:hsa05167	1.122376
path:hsa04630	path:hsa01521	1.122376
path:hsa04630	path:hsa04659	1.122376
path:hsa04630	path:hsa05321	1.122376
path:hsa04630	path:hsa04658	1.122376
path:hsa04630	path:hsa05410	1.122376
path:hsa04630	path:hsa04120	1.122376
path:hsa04630	path:hsa05310	1.122376
path:hsa05170	path:hsa04141	1.114202
path:hsa00510	path:hsa04141	1.114202
path:hsa04140	path:hsa04141	1.114202
path:hsa04141	path:hsa03060	1.114202
path:hsa05410	path:hsa04614	1.1115908
path:hsa05340	path:hsa04640	1.1115908
path:hsa05165	path:hsa04530	1
path:hsa05165	path:hsa04612	1
path:hsa04714	path:hsa00020	1
path:hsa05163	path:hsa04623	1
path:hsa05163	path:hsa04612	1
path:hsa05167	path:hsa04140	1
path:hsa05167	path:hsa04144	1
path:hsa00010	path:hsa00561	1
path:hsa00010	path:hsa00520	1
path:hsa00010	path:hsa00260	1
path:hsa00010	path:hsa00380	1
path:hsa00010	path:hsa00500	1
path:hsa00010	path:hsa00040	1
path:hsa00010	path:hsa00620	1
path:hsa00010	path:hsa00640	1
path:hsa00010	path:hsa00052	1
path:hsa00010	path:hsa00020	1
path:hsa00010	path:hsa00630	1
path:hsa00010	path:hsa00030	1
path:hsa00010	path:hsa00051	1
path:hsa00010	path:hsa00360	1
path:hsa05170	path:hsa04623	1
path:hsa05170	path:hsa04612	1
path:hsa05170	path:hsa04142	1
path:hsa04512	path:hsa05414	1
path:hsa04512	path:hsa05410	1
path:hsa04512	path:hsa05100	1
path:hsa04512	path:hsa05412	1
path:hsa04927	path:hsa04934	1
path:hsa04927	path:hsa00140	1
path:hsa04934	path:hsa00140	1
path:hsa04934	path:hsa00020	1
path:hsa04727	path:hsa00250	1
path:hsa04727	path:hsa04144	1
path:hsa04727	path:hsa04721	1
path:hsa05224	path:hsa03440	1
path:hsa00561	path:hsa00071	1
path:hsa00561	path:hsa00040	1
path:hsa00240	path:hsa00250	1
path:hsa00240	path:hsa00410	1
path:hsa00510	path:hsa00563	1
path:hsa00510	path:hsa00515	1
path:hsa00510	path:hsa00533	1
path:hsa00140	path:hsa00100	1
path:hsa00330	path:hsa00270	1
path:hsa00330	path:hsa00260	1
path:hsa00330	path:hsa00250	1
path:hsa00330	path:hsa00630	1
path:hsa00330	path:hsa00410	1
path:hsa00330	path:hsa00053	1
path:hsa00330	path:hsa00480	1
path:hsa00330	path:hsa00220	1
path:hsa00330	path:hsa00310	1
path:hsa00270	path:hsa00260	1
path:hsa00270	path:hsa00250	1
path:hsa00270	path:hsa00620	1
path:hsa00270	path:hsa00640	1
path:hsa00270	path:hsa00480	1
path:hsa00270	path:hsa00770	1
path:hsa00270	path:hsa00430	1
path:hsa00270	path:hsa00290	1
path:hsa00270	path:hsa04122	1
path:hsa04659	path:hsa05321	1
path:hsa04659	path:hsa04514	1
path:hsa04659	path:hsa04657	1
path:hsa04659	path:hsa04625	1
path:hsa04659	path:hsa05323	1
path:hsa05321	path:hsa04612	1
path:hsa00280	path:hsa00640	1
path:hsa00280	path:hsa00020	1
path:hsa00280	path:hsa00360	1
path:hsa00280	path:hsa00900	1
path:hsa00280	path:hsa00290	1
path:hsa00982	path:hsa01522	1
path:hsa04371	path:hsa04140	1
path:hsa04371	path:hsa04530	1
path:hsa04140	path:hsa04137	1
path:hsa04140	path:hsa04142	1
path:hsa04670	path:hsa05418	1
path:hsa04670	path:hsa04514	1
path:hsa04670	path:hsa05323	1
path:hsa04670	path:hsa04672	1
path:hsa05418	path:hsa04514	1
path:hsa04658	path:hsa04514	1
path:hsa04658	path:hsa04625	1
path:hsa00520	path:hsa00500	1
path:hsa00520	path:hsa00040	1
path:hsa00520	path:hsa00052	1
path:hsa00520	path:hsa00051	1
path:hsa00520	path:hsa00053	1
path:hsa00520	path:hsa00524	1
path:hsa00860	path:hsa00260	1
path:hsa00860	path:hsa00740	1
path:hsa00600	path:hsa00604	1
path:hsa00600	path:hsa00603	1
path:hsa00260	path:hsa00250	1
path:hsa00260	path:hsa00620	1
path:hsa00260	path:hsa00640	1
path:hsa00260	path:hsa00020	1
path:hsa00260	path:hsa00630	1
path:hsa00260	path:hsa00290	1
path:hsa00071	path:hsa00630	1
path:hsa00071	path:hsa00650	1
path:hsa00071	path:hsa00062	1
path:hsa00071	path:hsa03320	1
path:hsa00071	path:hsa00061	1
path:hsa00071	path:hsa00072	1
path:hsa04514	path:hsa04530	1
path:hsa04514	path:hsa05332	1
path:hsa04514	path:hsa05320	1
path:hsa04514	path:hsa05330	1
path:hsa04514	path:hsa05310	1
path:hsa04514	path:hsa05144	1
path:hsa00380	path:hsa00760	1
path:hsa00380	path:hsa00400	1
path:hsa01524	path:hsa03420	1
path:hsa01524	path:hsa03430	1
path:hsa00500	path:hsa00040	1
path:hsa00350	path:hsa00360	1
path:hsa00350	path:hsa00400	1
path:hsa03013	path:hsa03015	1
path:hsa03013	path:hsa03008	1
path:hsa03013	path:hsa03040	1
path:hsa03015	path:hsa03040	1
path:hsa03015	path:hsa03018	1
path:hsa05100	path:hsa04144	1
path:hsa00250	path:hsa04217	1
path:hsa00250	path:hsa00630	1
path:hsa00250	path:hsa00410	1
path:hsa00250	path:hsa00650	1
path:hsa00250	path:hsa00220	1
path:hsa00250	path:hsa00340	1
path:hsa00250	path:hsa00910	1
path:hsa00250	path:hsa00471	1
path:hsa00040	path:hsa00052	1
path:hsa00040	path:hsa00030	1
path:hsa00040	path:hsa00053	1
path:hsa04530	path:hsa05130	1
path:hsa04530	path:hsa05110	1
path:hsa00620	path:hsa00640	1
path:hsa00620	path:hsa00020	1
path:hsa00620	path:hsa00630	1
path:hsa00620	path:hsa00650	1
path:hsa00620	path:hsa00061	1
path:hsa00620	path:hsa00072	1
path:hsa00640	path:hsa00020	1
path:hsa00640	path:hsa00410	1
path:hsa00052	path:hsa00030	1
path:hsa00052	path:hsa00051	1
path:hsa04612	path:hsa05332	1
path:hsa04612	path:hsa05320	1
path:hsa04612	path:hsa05330	1
path:hsa04612	path:hsa03050	1
path:hsa04612	path:hsa05310	1
path:hsa04612	path:hsa04672	1
path:hsa00020	path:hsa00630	1
path:hsa00020	path:hsa00310	1
path:hsa00020	path:hsa01210	1
path:hsa00630	path:hsa00910	1
path:hsa00410	path:hsa00770	1
path:hsa00790	path:hsa00670	1
path:hsa00790	path:hsa00400	1
path:hsa00790	path:hsa04122	1
path:hsa00650	path:hsa00072	1
path:hsa00480	path:hsa00430	1
path:hsa00480	path:hsa04216	1
path:hsa04144	path:hsa04142	1
path:hsa04144	path:hsa04721	1
path:hsa04144	path:hsa01523	1
path:hsa03008	path:hsa03010	1
path:hsa00220	path:hsa01210	1
path:hsa00220	path:hsa00910	1
path:hsa04120	path:hsa03420	1
path:hsa04120	path:hsa04710	1
path:hsa03320	path:hsa00120	1
path:hsa03320	path:hsa00072	1
path:hsa00531	path:hsa04142	1
path:hsa00670	path:hsa01523	1
path:hsa00730	path:hsa04122	1
path:hsa00100	path:hsa04979	1
path:hsa03022	path:hsa03420	1
path:hsa04142	path:hsa00511	1
path:hsa03440	path:hsa03460	1
path:hsa03460	path:hsa03430	1
path:hsa00604	path:hsa00511	1
path:hsa00534	path:hsa00532	1
path:hsa00360	path:hsa00400	1
path:hsa00120	path:hsa04979	1
path:hsa00061	path:hsa00780	1
path:hsa00130	path:hsa00400	1
path:hsa01210	path:hsa00290	1
