path:hsa05200	path:hsa04060	17.6257561
path:hsa05200	path:hsa04010	15.76674699
path:hsa04151	path:hsa05200	14.8032477
path:hsa04060	path:hsa04062	13.18340998
path:hsa04010	path:hsa04933	12.7337615
path:hsa04060	path:hsa04144	12.67866776
path:hsa05200	path:hsa04350	12.53891713
path:hsa05200	path:hsa04520	12.35137955
path:hsa05200	path:hsa04510	12.07854837
path:hsa04060	path:hsa04064	11.81071145
path:hsa05200	path:hsa04024	11.80416961
path:hsa04151	path:hsa04933	11.77026221
path:hsa05200	path:hsa04020	11.72235143
path:hsa04010	path:hsa04668	11.71459586
path:hsa04151	path:hsa04010	11.56165547
path:hsa04010	path:hsa05166	11.49781792
path:hsa04060	path:hsa04620	11.4481009
path:hsa05200	path:hsa04110	11.36244694
path:hsa04060	path:hsa05215	11.32594181
path:hsa04010	path:hsa04062	11.32440087
path:hsa05200	path:hsa04066	11.23480721
path:hsa05200	path:hsa04210	11.21755173
path:hsa04010	path:hsa04015	11.13310267
path:hsa05200	path:hsa04915	11.10613503
path:hsa04010	path:hsa05205	10.96887381
path:hsa04060	path:hsa04520	10.96879643
path:hsa05200	path:hsa04310	10.9276552
path:hsa04060	path:hsa05321	10.89165414
path:hsa05200	path:hsa04150	10.88362221
path:hsa04010	path:hsa04014	10.82412894
path:hsa04010	path:hsa05133	10.79375516
path:hsa04151	path:hsa04668	10.75109657
path:hsa05166	path:hsa04668	10.68725902
path:hsa05200	path:hsa04630	10.67582463
path:hsa04060	path:hsa05322	10.66506898
path:hsa05200	path:hsa04370	10.65871506
path:hsa04010	path:hsa05164	10.62043023
path:hsa04151	path:hsa05166	10.53431863
path:hsa05200	path:hsa04512	10.38931729
path:hsa04010	path:hsa05161	10.36270119
path:hsa04151	path:hsa04062	10.36090158
path:hsa05200	path:hsa03320	10.33999602
path:hsa04010	path:hsa04380	10.28654935
path:hsa04010	path:hsa04621	10.26449859
path:hsa04060	path:hsa04650	10.18081668
path:hsa04151	path:hsa04015	10.16960338
path:hsa05200	path:hsa04115	10.16780597
path:hsa04151	path:hsa05205	10.00537452
path:hsa05200	path:hsa04330	10.00416961
path:hsa05200	path:hsa04340	10.00416961
path:hsa04010	path:hsa04810	9.91310135
path:hsa04151	path:hsa04014	9.86062965
path:hsa04060	path:hsa05332	9.79320614
path:hsa04010	path:hsa05152	9.68724797
path:hsa04010	path:hsa04620	9.58909179
path:hsa04933	path:hsa04350	9.50593164
path:hsa04010	path:hsa05215	9.4669327
path:hsa04014	path:hsa04015	9.43207685
path:hsa04010	path:hsa05218	9.41492085
path:hsa04151	path:hsa05161	9.3992019
path:hsa04060	path:hsa04360	9.36853555
path:hsa04151	path:hsa04380	9.32305006
path:hsa04010	path:hsa04350	9.2973249
path:hsa04630	path:hsa04060	9.29324151
path:hsa04010	path:hsa05120	9.26914574
path:hsa04060	path:hsa05310	9.25411877
path:hsa04620	path:hsa05142	9.22404713
path:hsa04010	path:hsa04550	9.16956801
path:hsa04668	path:hsa04064	9.14114344
path:hsa04014	path:hsa04144	9.11863283
path:hsa04010	path:hsa04520	9.10978732
path:hsa04010	path:hsa04072	9.03869164
path:hsa04380	path:hsa05323	8.99736691
path:hsa04151	path:hsa04064	8.98820305
path:hsa04010	path:hsa05140	8.95713654
path:hsa05142	path:hsa04350	8.93228024
path:hsa04010	path:hsa04068	8.93040989
path:hsa05166	path:hsa04064	8.9243655
path:hsa04010	path:hsa05210	8.9237531
path:hsa05164	path:hsa04144	8.91493412
path:hsa04010	path:hsa05132	8.86927397
path:hsa04010	path:hsa05212	8.84193491
path:hsa04010	path:hsa04510	8.83695614
path:hsa04810	path:hsa04062	8.71234746
path:hsa04020	path:hsa04933	8.68936594
path:hsa05142	path:hsa04610	8.68844181
path:hsa04010	path:hsa04540	8.66778608
path:hsa04151	path:hsa04620	8.6255925
path:hsa04060	path:hsa04657	8.62158649
path:hsa04015	path:hsa04810	8.52104926
path:hsa04151	path:hsa05215	8.50343341
path:hsa04010	path:hsa05219	8.48883313
path:hsa04010	path:hsa04020	8.4807592
path:hsa04151	path:hsa05218	8.45142156
path:hsa04010	path:hsa05145	8.44474708
path:hsa05164	path:hsa04621	8.35977406
path:hsa04810	path:hsa05205	8.3568204
path:hsa04110	path:hsa04933	8.32946145
path:hsa04010	path:hsa04650	8.32180757
path:hsa04620	path:hsa05323	8.29990935
path:hsa05166	path:hsa04350	8.26998806
path:hsa04010	path:hsa05220	8.26326274
path:hsa04932	path:hsa04668	8.24602272
path:hsa04014	path:hsa04810	8.21207553
path:hsa04151	path:hsa04550	8.20606872
path:hsa04010	path:hsa04622	8.20064114
path:hsa04010	path:hsa04022	8.15348647
path:hsa04010	path:hsa04110	8.12085471
path:hsa04020	path:hsa05142	8.11571454
path:hsa04151	path:hsa04932	8.09308233
path:hsa04010	path:hsa05160	8.08066634
path:hsa04151	path:hsa04072	8.07519235
path:hsa04010	path:hsa05131	8.01939556
path:hsa04010	path:hsa05211	8.01665635
path:hsa04010	path:hsa04066	7.99321498
path:hsa04010	path:hsa04210	7.9759595
path:hsa04151	path:hsa04068	7.9669106
path:hsa04151	path:hsa05210	7.96025381
path:hsa04010	path:hsa04660	7.90605987
path:hsa04010	path:hsa05014	7.88748453
path:hsa04151	path:hsa05212	7.87843562
path:hsa04145	path:hsa04144	7.87522182
path:hsa04151	path:hsa04510	7.87345685
path:hsa04010	path:hsa04915	7.8645428
path:hsa04620	path:hsa05133	7.85769219
path:hsa04010	path:hsa05231	7.84960426
path:hsa04010	path:hsa04114	7.80717855
path:hsa04010	path:hsa04664	7.80420057
path:hsa05161	path:hsa04064	7.78924877
path:hsa04010	path:hsa05169	7.76297091
path:hsa04010	path:hsa05034	7.74439556
path:hsa04010	path:hsa04725	7.74439556
path:hsa05205	path:hsa04350	7.74104395
path:hsa04620	path:hsa05144	7.72521666
path:hsa04015	path:hsa04520	7.71773523
path:hsa04380	path:hsa04064	7.71309693
path:hsa04010	path:hsa04920	7.69874204
path:hsa04621	path:hsa04064	7.69104617
path:hsa04010	path:hsa04310	7.68606297
path:hsa04010	path:hsa05214	7.6859679
path:hsa04620	path:hsa05164	7.68436726
path:hsa04010	path:hsa05230	7.66257738
path:hsa04630	path:hsa04933	7.64283914
path:hsa04010	path:hsa04150	7.64202998
path:hsa04010	path:hsa04071	7.64202998
path:hsa04210	path:hsa05142	7.61091484
path:hsa04151	path:hsa04024	7.59907809
path:hsa04350	path:hsa04144	7.59182879
path:hsa05205	path:hsa04520	7.55350637
path:hsa04010	path:hsa05203	7.5301468
path:hsa04010	path:hsa04360	7.50952644
path:hsa04010	path:hsa04921	7.49894102
path:hsa04010	path:hsa05221	7.49894102
path:hsa04010	path:hsa04662	7.49894102
path:hsa04010	path:hsa04917	7.49894102
path:hsa04010	path:hsa04750	7.46966749
path:hsa04510	path:hsa04015	7.44490405
path:hsa04010	path:hsa04630	7.4342324
path:hsa05161	path:hsa04620	7.42663822
path:hsa04621	path:hsa05152	7.4265918
path:hsa04010	path:hsa04722	7.42377963
path:hsa04010	path:hsa04912	7.41712283
path:hsa04010	path:hsa04012	7.41712283
path:hsa04010	path:hsa04370	7.41712283
path:hsa04010	path:hsa04916	7.36325389
path:hsa04014	path:hsa04072	7.33766582
path:hsa04010	path:hsa04919	7.33530465
path:hsa04072	path:hsa04144	7.33319553
path:hsa04620	path:hsa04621	7.32843562
path:hsa05133	path:hsa04610	7.32208687
path:hsa04151	path:hsa05220	7.29976345
path:hsa04510	path:hsa05205	7.28067519
path:hsa05160	path:hsa04668	7.27010744
path:hsa05146	path:hsa04144	7.26502255
path:hsa04933	path:hsa04614	7.19602715
path:hsa04151	path:hsa04022	7.18998718
path:hsa04610	path:hsa05144	7.18961134
path:hsa04015	path:hsa04024	7.17052529
path:hsa04210	path:hsa04668	7.1654006
path:hsa04151	path:hsa04110	7.15735542
path:hsa04151	path:hsa04611	7.108169
path:hsa05166	path:hsa04110	7.09351787
path:hsa04010	path:hsa04713	7.08985011
path:hsa04015	path:hsa04020	7.08870711
path:hsa04010	path:hsa05216	7.07820791
path:hsa04062	path:hsa04670	7.03860763
path:hsa04151	path:hsa04066	7.02971569
path:hsa04620	path:hsa04064	7.01563937
path:hsa04151	path:hsa04210	7.01246021
path:hsa04010	path:hsa04910	7.00803193
path:hsa04010	path:hsa05213	6.99638973
path:hsa04010	path:hsa05223	6.96654802
path:hsa04670	path:hsa05323	6.95017908
path:hsa05166	path:hsa04210	6.94862266
path:hsa04151	path:hsa04660	6.94256058
path:hsa04010	path:hsa04914	6.92621374
path:hsa04010	path:hsa04115	6.92621374
path:hsa05205	path:hsa04020	6.92447825
path:hsa04151	path:hsa04915	6.90104351
path:hsa04151	path:hsa05231	6.88610497
path:hsa05166	path:hsa04660	6.87872303
path:hsa04010	path:hsa04140	6.86297091
path:hsa04151	path:hsa04261	6.86271445
path:hsa04010	path:hsa04720	6.84439556
path:hsa04931	path:hsa04668	6.80636496
path:hsa04014	path:hsa04020	6.77973338
path:hsa04621	path:hsa05321	6.77198886
path:hsa04010	path:hsa04714	6.76257738
path:hsa04010	path:hsa05163	6.76257738
path:hsa04010	path:hsa05167	6.76257738
path:hsa04010	path:hsa05170	6.76257738
path:hsa04010	path:hsa04926	6.76257738
path:hsa04010	path:hsa01521	6.76257738
path:hsa04010	path:hsa05226	6.76257738
path:hsa04010	path:hsa05224	6.76257738
path:hsa04010	path:hsa05225	6.76257738
path:hsa04010	path:hsa04659	6.76257738
path:hsa04010	path:hsa04371	6.76257738
path:hsa04010	path:hsa05418	6.76257738
path:hsa04010	path:hsa04658	6.76257738
path:hsa04010	path:hsa01522	6.76257738
path:hsa04010	path:hsa04657	6.76257738
path:hsa04010	path:hsa04070	6.76257738
path:hsa04620	path:hsa05152	6.751185
path:hsa05145	path:hsa04144	6.73925097
path:hsa04620	path:hsa05168	6.71837637
path:hsa04151	path:hsa05230	6.69907809
path:hsa04015	path:hsa04611	6.6796162
path:hsa04151	path:hsa04150	6.67853069
path:hsa04151	path:hsa04071	6.67853069
path:hsa04151	path:hsa04931	6.65342457
path:hsa04620	path:hsa04145	6.64465496
path:hsa05166	path:hsa04612	6.63326848
path:hsa04660	path:hsa05323	6.61687743
path:hsa04151	path:hsa05203	6.56664751
path:hsa05142	path:hsa00330	6.56116908
path:hsa04151	path:hsa05221	6.53544173
path:hsa04151	path:hsa04662	6.53544173
path:hsa04151	path:hsa04917	6.53544173
path:hsa04015	path:hsa04660	6.51400778
path:hsa05203	path:hsa05166	6.50280996
path:hsa04810	path:hsa04520	6.49773391
path:hsa04151	path:hsa04630	6.47073311
path:hsa04151	path:hsa04012	6.45362354
path:hsa04151	path:hsa04370	6.45362354
path:hsa05205	path:hsa04066	6.43693403
path:hsa05205	path:hsa04210	6.41967855
path:hsa04151	path:hsa05222	6.41213964
path:hsa05142	path:hsa04070	6.39753272
path:hsa05160	path:hsa04144	6.37517023
path:hsa04151	path:hsa04919	6.37180536
path:hsa04144	path:hsa05020	6.36145207
path:hsa04810	path:hsa05146	6.35846525
path:hsa04540	path:hsa04080	6.34157234
path:hsa05203	path:hsa04062	6.32939291
path:hsa04390	path:hsa04350	6.29890785
path:hsa05164	path:hsa04622	6.29591661
path:hsa04810	path:hsa05132	6.25722056
path:hsa04210	path:hsa05133	6.2445599
path:hsa04020	path:hsa04380	6.24215379
path:hsa04630	path:hsa04062	6.23347851
path:hsa04510	path:hsa04810	6.22490273
path:hsa04151	path:hsa04213	6.208169
path:hsa04014	path:hsa04660	6.20503405
path:hsa04151	path:hsa04152	6.18306288
path:hsa05168	path:hsa04610	6.18277105
path:hsa04310	path:hsa05205	6.12978202
path:hsa04370	path:hsa05323	6.12794039
path:hsa04210	path:hsa05144	6.11208437
path:hsa04390	path:hsa04520	6.11137027
path:hsa04145	path:hsa04610	6.10904964
path:hsa04620	path:hsa05321	6.09658206
path:hsa04620	path:hsa05134	6.09456137
path:hsa04150	path:hsa05205	6.08574903
path:hsa05164	path:hsa04210	6.07123497
path:hsa04151	path:hsa04910	6.04453264
path:hsa04151	path:hsa04211	6.04453264
path:hsa04666	path:hsa04144	6.03889945
path:hsa05161	path:hsa04622	6.03818757
path:hsa04620	path:hsa05146	6.03445569
path:hsa04668	path:hsa04120	6.03383666
path:hsa04151	path:hsa05213	6.03289044
path:hsa04620	path:hsa05140	6.02107357
path:hsa04145	path:hsa05140	6.01269971
path:hsa04151	path:hsa05223	6.00304873
path:hsa05218	path:hsa04520	5.99955341
path:hsa04514	path:hsa05144	5.98765697
path:hsa04151	path:hsa04115	5.96271445
path:hsa05161	path:hsa04110	5.95840114
path:hsa05163	path:hsa04668	5.95201848
path:hsa05167	path:hsa04668	5.95201848
path:hsa05170	path:hsa04668	5.95201848
path:hsa04668	path:hsa04217	5.95201848
path:hsa04550	path:hsa04350	5.94173815
path:hsa04620	path:hsa05132	5.933211
path:hsa05160	path:hsa05161	5.91821277
path:hsa04020	path:hsa04064	5.90730678
path:hsa05166	path:hsa04115	5.8988769
path:hsa04350	path:hsa04520	5.88195746
path:hsa05205	path:hsa04370	5.86084188
path:hsa05166	path:hsa03013	5.81705872
path:hsa05161	path:hsa04210	5.81350593
path:hsa05215	path:hsa05206	5.81152944
path:hsa04151	path:hsa05165	5.79907809
path:hsa04151	path:hsa05163	5.79907809
path:hsa04151	path:hsa05167	5.79907809
path:hsa04151	path:hsa00010	5.79907809
path:hsa04151	path:hsa05170	5.79907809
path:hsa04151	path:hsa04926	5.79907809
path:hsa04151	path:hsa01521	5.79907809
path:hsa04151	path:hsa05226	5.79907809
path:hsa04151	path:hsa05224	5.79907809
path:hsa04151	path:hsa05225	5.79907809
path:hsa04151	path:hsa04371	5.79907809
path:hsa04151	path:hsa05418	5.79907809
path:hsa04151	path:hsa01522	5.79907809
path:hsa04151	path:hsa04070	5.79907809
path:hsa01100	path:hsa00230	5.78578882
path:hsa04621	path:hsa05131	5.75873939
path:hsa04727	path:hsa04144	5.71162672
path:hsa04068	path:hsa04350	5.70258003
path:hsa05210	path:hsa04350	5.69592324
path:hsa04810	path:hsa04670	5.62730811
path:hsa04622	path:hsa04064	5.62718872
path:hsa05212	path:hsa04350	5.61410505
path:hsa04620	path:hsa05143	5.59702865
path:hsa04610	path:hsa05134	5.55895605
path:hsa05100	path:hsa04144	5.53634816
path:hsa04630	path:hsa05164	5.52950787
path:hsa04620	path:hsa05145	5.50868411
path:hsa05146	path:hsa04610	5.49885037
path:hsa05215	path:hsa05202	5.48814556
path:hsa05140	path:hsa04610	5.48546825
path:hsa04659	path:hsa05323	5.47339494
path:hsa04610	path:hsa05150	5.41818182
path:hsa04810	path:hsa05131	5.40734215
path:hsa04210	path:hsa04064	5.40250708
path:hsa05161	path:hsa05203	5.36769323
path:hsa05164	path:hsa05416	5.34876194
path:hsa04610	path:hsa05322	5.33439158
path:hsa04660	path:hsa04064	5.33260745
path:hsa05168	path:hsa04622	5.32992572
path:hsa04810	path:hsa04660	5.29400646
path:hsa04510	path:hsa05146	5.28232004
path:hsa04630	path:hsa05161	5.27177883
path:hsa05210	path:hsa05206	5.26834984
path:hsa04014	path:hsa05223	5.2655222
path:hsa04620	path:hsa05162	5.26267023
path:hsa04810	path:hsa05231	5.23755085
path:hsa05205	path:hsa04340	5.20629643
path:hsa04630	path:hsa04380	5.19562699
path:hsa05169	path:hsa04064	5.18951849
path:hsa01100	path:hsa00270	5.17272727
path:hsa01100	path:hsa00260	5.17272727
path:hsa04064	path:hsa04623	5.16453175
path:hsa05160	path:hsa04620	5.14460337
path:hsa04014	path:hsa04720	5.14336974
path:hsa04144	path:hsa04961	5.13889945
path:hsa04210	path:hsa05152	5.13805271
path:hsa04810	path:hsa04666	5.13234215
path:hsa04210	path:hsa05168	5.10524408
path:hsa01100	path:hsa00983	5.09090909
path:hsa04912	path:hsa04080	5.09090909
path:hsa04024	path:hsa04072	5.07611426
path:hsa04520	path:hsa05219	5.07346569
path:hsa05215	path:hsa04110	5.06263265
path:hsa04610	path:hsa05143	5.06142333
path:hsa05167	path:hsa04144	5.05708127
path:hsa04070	path:hsa04144	5.05708127
path:hsa04976	path:hsa04144	5.05708127
path:hsa04144	path:hsa04142	5.05708127
path:hsa04144	path:hsa04721	5.05708127
path:hsa04144	path:hsa01523	5.05708127
path:hsa04144	path:hsa04962	5.05708127
path:hsa04620	path:hsa04210	5.03989653
path:hsa05220	path:hsa04350	5.03543288
path:hsa04810	path:hsa04150	5.02997657
path:hsa05218	path:hsa04110	5.0106208
path:hsa04620	path:hsa05332	4.99813406
path:hsa04020	path:hsa04072	4.99429608
path:hsa05203	path:hsa04064	4.95669438
path:hsa05164	path:hsa03013	4.93967103
path:hsa01100	path:hsa00350	4.92727272
path:hsa04064	path:hsa04662	4.9254886
path:hsa04810	path:hsa05203	4.91809339
path:hsa05215	path:hsa04210	4.91773744
path:hsa04020	path:hsa05140	4.91274098
path:hsa04810	path:hsa04360	4.89747303
path:hsa04110	path:hsa04350	4.89302485
path:hsa04810	path:hsa04662	4.88688761
path:hsa05414	path:hsa04350	4.87106915
path:hsa05164	path:hsa03015	4.85785285
path:hsa05164	path:hsa00900	4.85785285
path:hsa01100	path:hsa00240	4.84545454
path:hsa01100	path:hsa00670	4.84545454
path:hsa05206	path:hsa05219	4.83342987
path:hsa04620	path:hsa05169	4.82690794
path:hsa05152	path:hsa04612	4.82269853
path:hsa04810	path:hsa04722	4.81172622
path:hsa04666	path:hsa04145	4.79995873
path:hsa05168	path:hsa04612	4.7898899
path:hsa05211	path:hsa04350	4.78882649
path:hsa05161	path:hsa04115	4.76376017
path:hsa01100	path:hsa00360	4.76363636
path:hsa04210	path:hsa04350	4.74812964
path:hsa04810	path:hsa04919	4.72325124
path:hsa04210	path:hsa05120	4.71995048
path:hsa04145	path:hsa04612	4.71616849
path:hsa05410	path:hsa04350	4.70743279
path:hsa04310	path:hsa04390	4.68764592
path:hsa01100	path:hsa00380	4.68181818
path:hsa01100	path:hsa00480	4.68181818
path:hsa04810	path:hsa04530	4.64143306
path:hsa04810	path:hsa05100	4.62979086
path:hsa04020	path:hsa04540	4.62339052
path:hsa04621	path:hsa04140	4.60231474
path:hsa05161	path:hsa05225	4.60012381
path:hsa01100	path:hsa00980	4.6
path:hsa01100	path:hsa00982	4.6
path:hsa04611	path:hsa04610	4.6
path:hsa04630	path:hsa05152	4.59632561
path:hsa04610	path:hsa05020	4.59527989
path:hsa04630	path:hsa05168	4.56351698
path:hsa04068	path:hsa04110	4.52610984
path:hsa04380	path:hsa04928	4.52397197
path:hsa04670	path:hsa05322	4.52026663
path:hsa04110	path:hsa05210	4.51945305
path:hsa04024	path:hsa04020	4.51818182
path:hsa01100	path:hsa00590	4.51818181
path:hsa01100	path:hsa00140	4.51818181
path:hsa01100	path:hsa00330	4.51818181
path:hsa01100	path:hsa00250	4.51818181
path:hsa01100	path:hsa00760	4.51818181
path:hsa01100	path:hsa00790	4.51818181
path:hsa01100	path:hsa00340	4.51818181
path:hsa01100	path:hsa00430	4.51818181
path:hsa01100	path:hsa00400	4.51818181
path:hsa04932	path:hsa04210	4.50738636
path:hsa04630	path:hsa04620	4.49816943
path:hsa04210	path:hsa05134	4.48142908
path:hsa04810	path:hsa05130	4.4661545
path:hsa04310	path:hsa04350	4.45823311
path:hsa04110	path:hsa05212	4.43763486
path:hsa01100	path:hsa00561	4.43636363
path:hsa01100	path:hsa00280	4.43636363
path:hsa01100	path:hsa00500	4.43636363
path:hsa01100	path:hsa00040	4.43636363
path:hsa01100	path:hsa00052	4.43636363
path:hsa01100	path:hsa00630	4.43636363
path:hsa01100	path:hsa00051	4.43636363
path:hsa01100	path:hsa00220	4.43636363
path:hsa01100	path:hsa00770	4.43636363
path:hsa01100	path:hsa00534	4.43636363
path:hsa01100	path:hsa00130	4.43636363
path:hsa01100	path:hsa00450	4.43636363
path:hsa01100	path:hsa00920	4.43636363
path:hsa04514	path:hsa04520	4.43616466
path:hsa04211	path:hsa04064	4.43457951
path:hsa04510	path:hsa04110	4.43265609
path:hsa04210	path:hsa05146	4.4213234
path:hsa05321	path:hsa04660	4.41355014
path:hsa04210	path:hsa04068	4.38121463
path:hsa04514	path:hsa04610	4.37986381
path:hsa04210	path:hsa05210	4.37455784
path:hsa04020	path:hsa04728	4.35454546
path:hsa00190	path:hsa01100	4.35454545
path:hsa01100	path:hsa00564	4.35454545
path:hsa01100	path:hsa00562	4.35454545
path:hsa01100	path:hsa00010	4.35454545
path:hsa01100	path:hsa00830	4.35454545
path:hsa01100	path:hsa00510	4.35454545
path:hsa01100	path:hsa00565	4.35454545
path:hsa01100	path:hsa00520	4.35454545
path:hsa01100	path:hsa00860	4.35454545
path:hsa01100	path:hsa00600	4.35454545
path:hsa01100	path:hsa00071	4.35454545
path:hsa01100	path:hsa00620	4.35454545
path:hsa01100	path:hsa00640	4.35454545
path:hsa01100	path:hsa00512	4.35454545
path:hsa01100	path:hsa00020	4.35454545
path:hsa01100	path:hsa00591	4.35454545
path:hsa01100	path:hsa00410	4.35454545
path:hsa01100	path:hsa00030	4.35454545
path:hsa01100	path:hsa00601	4.35454545
path:hsa01100	path:hsa00053	4.35454545
path:hsa01100	path:hsa00650	4.35454545
path:hsa01100	path:hsa00592	4.35454545
path:hsa01100	path:hsa00062	4.35454545
path:hsa01100	path:hsa00563	4.35454545
path:hsa01100	path:hsa00515	4.35454545
path:hsa01100	path:hsa01040	4.35454545
path:hsa01100	path:hsa00310	4.35454545
path:hsa01100	path:hsa00531	4.35454545
path:hsa01100	path:hsa00730	4.35454545
path:hsa01100	path:hsa00100	4.35454545
path:hsa01100	path:hsa00604	4.35454545
path:hsa01100	path:hsa00603	4.35454545
path:hsa01100	path:hsa00120	4.35454545
path:hsa01100	path:hsa00061	4.35454545
path:hsa01100	path:hsa00900	4.35454545
path:hsa01100	path:hsa00532	4.35454545
path:hsa01100	path:hsa00072	4.35454545
path:hsa01100	path:hsa00511	4.35454545
path:hsa01100	path:hsa00533	4.35454545
path:hsa01100	path:hsa00740	4.35454545
path:hsa01100	path:hsa00514	4.35454545
path:hsa01100	path:hsa00750	4.35454545
path:hsa01100	path:hsa00440	4.35454545
path:hsa01100	path:hsa00524	4.35454545
path:hsa01100	path:hsa00232	4.35454545
path:hsa01100	path:hsa00910	4.35454545
path:hsa01100	path:hsa00471	4.35454545
path:hsa01100	path:hsa00290	4.35454545
path:hsa01100	path:hsa00785	4.35454545
path:hsa01100	path:hsa00780	4.35454545
path:hsa01100	path:hsa00472	4.35454545
path:hsa04510	path:hsa05131	4.33119694
path:hsa04310	path:hsa04550	4.33047622
path:hsa04072	path:hsa04664	4.31773745
path:hsa04210	path:hsa05212	4.29273965
path:hsa04020	path:hsa04650	4.27741201
path:hsa04064	path:hsa04120	4.27094314
path:hsa04660	path:hsa05150	4.27075522
path:hsa04310	path:hsa04520	4.27069553
path:hsa04390	path:hsa04530	4.25506942
path:hsa05218	path:hsa04916	4.25301998
path:hsa04932	path:hsa04920	4.2301689
path:hsa05165	path:hsa04064	4.18912496
path:hsa05163	path:hsa04064	4.18912496
path:hsa05167	path:hsa04064	4.18912496
path:hsa05170	path:hsa04064	4.18912496
path:hsa04926	path:hsa04064	4.18912496
path:hsa04659	path:hsa04064	4.18912496
path:hsa05418	path:hsa04064	4.18912496
path:hsa04658	path:hsa04064	4.18912496
path:hsa04064	path:hsa04657	4.18912496
path:hsa04064	path:hsa01523	4.18912496
path:hsa04660	path:hsa05322	4.18696498
path:hsa04666	path:hsa05140	4.17637734
path:hsa04932	path:hsa04930	4.17345684
path:hsa05321	path:hsa04612	4.16809559
path:hsa04150	path:hsa04072	4.15556686
path:hsa04072	path:hsa04071	4.15556686
path:hsa05163	path:hsa04810	4.15052397
path:hsa04810	path:hsa05170	4.15052397
path:hsa04620	path:hsa05130	4.14214494
path:hsa05168	path:hsa03040	4.13731651
path:hsa04514	path:hsa05322	4.13243721
path:hsa04022	path:hsa04020	4.10909091
path:hsa05146	path:hsa04612	4.10596922
path:hsa04310	path:hsa05210	4.08466131
path:hsa04110	path:hsa05219	4.08453308
path:hsa04630	path:hsa04550	4.07864565
path:hsa04150	path:hsa05210	4.04062832
path:hsa05211	path:hsa05202	4.03786921
path:hsa05215	path:hsa05204	4.03162805
path:hsa05214	path:hsa05206	4.03056464
path:hsa04020	path:hsa04611	4.02727273
path:hsa04662	path:hsa04610	4.02727273
path:hsa04024	path:hsa04210	4.01338212
path:hsa04750	path:hsa04610	3.9979992
path:hsa04510	path:hsa04310	3.99786435
path:hsa04530	path:hsa05120	3.99747745
path:hsa04350	path:hsa04913	3.99210956
path:hsa04210	path:hsa05143	3.98389636
path:hsa05168	path:hsa04120	3.97368014
path:hsa04020	path:hsa04066	3.94881942
path:hsa05010	path:hsa04020	3.94184648
path:hsa04630	path:hsa05321	3.94172267
path:hsa04612	path:hsa05322	3.94151043
path:hsa04020	path:hsa04210	3.93156394
path:hsa04620	path:hsa04120	3.90833259
path:hsa04210	path:hsa05145	3.89555182
path:hsa05168	path:hsa04710	3.89186196
path:hsa05162	path:hsa04622	3.87421958
path:hsa05215	path:hsa00140	3.86799168
path:hsa05215	path:hsa04115	3.86799168
path:hsa04630	path:hsa05140	3.86621418
path:hsa04662	path:hsa05150	3.86363637
path:hsa04020	path:hsa04660	3.86166431
path:hsa04110	path:hsa05220	3.85896269
path:hsa04390	path:hsa04120	3.84597851
path:hsa04024	path:hsa04924	3.84302485
path:hsa04630	path:hsa04068	3.83948753
path:hsa05146	path:hsa04672	3.8390321
path:hsa04530	path:hsa04520	3.83811903
path:hsa05165	path:hsa04620	3.82651441
path:hsa05167	path:hsa04620	3.82651441
path:hsa04620	path:hsa05170	3.82651441
path:hsa04620	path:hsa04659	3.82651441
path:hsa04020	path:hsa04915	3.82014724
path:hsa04145	path:hsa04142	3.81814055
path:hsa05218	path:hsa04115	3.81597983
path:hsa04012	path:hsa05210	3.81572117
path:hsa04110	path:hsa05162	3.79443315
path:hsa04020	path:hsa04261	3.78181818
path:hsa04662	path:hsa05322	3.77984613
path:hsa04630	path:hsa05132	3.77835161
path:hsa04210	path:hsa04650	3.77261231
path:hsa04390	path:hsa04392	3.76416033
path:hsa04020	path:hsa04924	3.76120667
path:hsa05160	path:hsa04622	3.75615272
path:hsa04630	path:hsa05212	3.75101255
path:hsa04012	path:hsa05212	3.73390298
path:hsa04370	path:hsa05212	3.73390298
path:hsa04650	path:hsa05332	3.73084984
path:hsa04510	path:hsa04370	3.72892421
path:hsa05222	path:hsa05206	3.72023567
path:hsa04020	path:hsa05169	3.71857535
path:hsa04630	path:hsa05322	3.71513751
path:hsa04210	path:hsa05220	3.71406748
path:hsa05012	path:hsa04728	3.7
path:hsa04020	path:hsa04666	3.7
path:hsa04020	path:hsa04725	3.7
path:hsa04020	path:hsa04726	3.7
path:hsa04728	path:hsa05031	3.7
path:hsa04728	path:hsa05030	3.7
path:hsa04540	path:hsa05412	3.68846613
path:hsa04510	path:hsa05222	3.68744031
path:hsa04520	path:hsa05130	3.66284047
path:hsa04520	path:hsa05216	3.66284047
path:hsa04210	path:hsa04622	3.65144588
path:hsa04210	path:hsa05162	3.64953794
path:hsa04510	path:hsa04919	3.64710603
path:hsa04020	path:hsa05214	3.64157234
path:hsa04932	path:hsa03320	3.62983065
path:hsa04932	path:hsa04141	3.62127697
path:hsa04728	path:hsa05034	3.61818182
path:hsa04350	path:hsa04120	3.6165657
path:hsa04110	path:hsa05131	3.61509551
path:hsa04022	path:hsa04210	3.60429121
path:hsa04530	path:hsa05132	3.59760568
path:hsa05100	path:hsa05132	3.58596348
path:hsa05213	path:hsa04520	3.58102229
path:hsa05162	path:hsa04660	3.57963831
path:hsa04068	path:hsa04213	3.57692342
path:hsa04210	path:hsa04110	3.57165945
path:hsa04670	path:hsa04514	3.56573886
path:hsa04611	path:hsa05211	3.56316988
path:hsa04510	path:hsa05100	3.55364565
path:hsa04926	path:hsa04350	3.53474752
path:hsa05226	path:hsa04350	3.53474752
path:hsa05225	path:hsa04350	3.53474752
path:hsa04659	path:hsa04350	3.53474752
path:hsa05217	path:hsa04350	3.53474752
path:hsa05160	path:hsa04210	3.53147108
path:hsa05221	path:hsa05202	3.52015388
path:hsa04210	path:hsa05020	3.51775292
path:hsa00190	path:hsa05120	3.50656836
path:hsa05226	path:hsa05120	3.50656836
path:hsa04066	path:hsa05211	3.48471657
path:hsa04210	path:hsa04940	3.46681995
path:hsa04510	path:hsa04512	3.45952644
path:hsa04650	path:hsa04612	3.45725813
path:hsa04020	path:hsa04921	3.45454546
path:hsa04020	path:hsa04662	3.45454546
path:hsa04024	path:hsa04912	3.45454545
path:hsa05169	path:hsa04622	3.43845729
path:hsa05010	path:hsa04210	3.43704678
path:hsa04022	path:hsa04924	3.43393394
path:hsa04020	path:hsa04750	3.42527193
path:hsa04622	path:hsa04623	3.41347055
path:hsa04910	path:hsa04068	3.41328706
path:hsa04068	path:hsa04211	3.41328706
path:hsa05160	path:hsa04514	3.40704368
path:hsa04660	path:hsa04940	3.39692032
path:hsa04210	path:hsa05332	3.38500177
path:hsa04012	path:hsa05219	3.3808012
path:hsa04370	path:hsa05219	3.3808012
path:hsa04728	path:hsa04917	3.37272728
path:hsa04020	path:hsa04912	3.37272727
path:hsa04020	path:hsa04012	3.37272727
path:hsa04020	path:hsa04370	3.37272727
path:hsa00330	path:hsa05146	3.37157764
path:hsa05012	path:hsa05020	3.36800716
path:hsa05169	path:hsa04110	3.35867086
path:hsa00590	path:hsa05140	3.35819552
path:hsa04072	path:hsa00561	3.35793244
path:hsa04630	path:hsa05145	3.35382472
path:hsa05165	path:hsa04520	3.34720994
path:hsa05226	path:hsa04520	3.34720994
path:hsa04210	path:hsa05014	3.33828927
path:hsa05210	path:hsa04115	3.32481208
path:hsa04660	path:hsa05332	3.31510214
path:hsa05206	path:hsa05223	3.31114476
path:hsa04020	path:hsa04970	3.29870814
path:hsa00190	path:hsa04932	3.29400424
path:hsa04932	path:hsa05225	3.29400424
path:hsa05167	path:hsa04610	3.29090909
path:hsa04024	path:hsa04925	3.29090909
path:hsa04270	path:hsa04020	3.29090909
path:hsa04020	path:hsa04723	3.29090909
path:hsa04020	path:hsa04919	3.29090909
path:hsa04310	path:hsa04110	3.28176292
path:hsa04110	path:hsa05214	3.28166785
path:hsa05012	path:hsa04210	3.27701848
path:hsa05140	path:hsa04120	3.27637734
path:hsa04659	path:hsa05321	3.27006765
path:hsa04068	path:hsa04140	3.26822604
path:hsa04514	path:hsa05332	3.26057437
path:hsa04068	path:hsa04120	3.24965069
path:hsa05212	path:hsa04115	3.24299389
path:hsa04660	path:hsa04514	3.23243721
path:hsa04630	path:hsa04650	3.23088521
path:hsa05221	path:hsa04640	3.22052308
path:hsa05169	path:hsa04210	3.21377565
path:hsa04024	path:hsa04260	3.20909091
path:hsa04024	path:hsa04923	3.20909091
path:hsa04020	path:hsa04925	3.20909091
path:hsa04728	path:hsa00350	3.20909091
path:hsa05162	path:hsa04662	3.17251946
path:hsa00010	path:hsa04068	3.16783251
path:hsa04068	path:hsa04218	3.16783251
path:hsa04068	path:hsa04922	3.16783251
path:hsa04068	path:hsa00020	3.16783251
path:hsa05210	path:hsa03430	3.16117572
path:hsa05010	path:hsa04310	3.14715025
path:hsa04066	path:hsa05230	3.1306376
path:hsa04020	path:hsa04260	3.12727273
path:hsa04020	path:hsa04911	3.12727273
path:hsa05032	path:hsa04728	3.12727273
path:hsa05203	path:hsa04110	3.12584675
path:hsa04150	path:hsa04066	3.1100902
path:hsa04630	path:hsa04622	3.10971878
path:hsa04670	path:hsa04672	3.10787496
path:hsa04630	path:hsa05162	3.10781084
path:hsa05202	path:hsa05216	3.09942077
path:hsa00380	path:hsa05143	3.09778697
path:hsa04921	path:hsa04110	3.09464097
path:hsa04110	path:hsa05221	3.09464097
path:hsa04210	path:hsa04930	3.09283472
path:hsa05160	path:hsa05203	3.08565838
path:hsa01521	path:hsa05212	3.07935753
path:hsa05165	path:hsa04510	3.07437876
path:hsa04510	path:hsa05418	3.07437876
path:hsa04510	path:hsa04070	3.07437876
path:hsa04612	path:hsa05332	3.06964759
path:hsa05016	path:hsa04020	3.04545455
path:hsa04728	path:hsa05033	3.04545455
path:hsa04660	path:hsa04612	3.04151043
path:hsa04210	path:hsa05330	3.03624867
path:hsa04630	path:hsa04110	3.02993235
path:hsa04110	path:hsa04012	3.01282278
path:hsa04630	path:hsa05160	2.98974398
path:hsa05203	path:hsa04210	2.98095154
path:hsa05222	path:hsa04110	2.97133888
path:hsa04150	path:hsa05231	2.96647948
path:hsa04660	path:hsa05330	2.96634904
path:hsa04020	path:hsa04724	2.96363637
path:hsa04020	path:hsa04730	2.96363637
path:hsa04024	path:hsa04972	2.96363636
path:hsa04022	path:hsa04270	2.96363636
path:hsa04210	path:hsa05221	2.94974576
path:hsa04115	path:hsa05202	2.9474266
path:hsa04020	path:hsa05223	2.92215246
path:hsa04514	path:hsa05330	2.91182127
path:hsa04370	path:hsa05211	2.90862442
path:hsa04540	path:hsa04070	2.9052087
path:hsa05169	path:hsa04612	2.89842147
path:hsa04115	path:hsa05219	2.88989211
path:hsa04066	path:hsa04370	2.88518305
path:hsa04630	path:hsa04210	2.88503714
path:hsa04724	path:hsa04728	2.88181819
path:hsa04024	path:hsa04720	2.88181818
path:hsa04022	path:hsa04925	2.88181818
path:hsa04020	path:hsa04972	2.88181818
path:hsa04210	path:hsa04722	2.87458437
path:hsa04110	path:hsa05416	2.84918642
path:hsa00590	path:hsa05145	2.84580606
path:hsa04630	path:hsa05410	2.84434029
path:hsa04915	path:hsa04917	2.83832906
path:hsa04110	path:hsa05100	2.83754422
path:hsa05414	path:hsa05416	2.82723072
path:hsa04210	path:hsa05222	2.82644367
path:hsa04920	path:hsa04930	2.81561726
path:hsa04066	path:hsa04919	2.80336487
path:hsa04150	path:hsa05214	2.80284312
path:hsa04714	path:hsa04024	2.8
path:hsa04024	path:hsa04926	2.8
path:hsa04024	path:hsa04927	2.8
path:hsa04024	path:hsa04934	2.8
path:hsa04024	path:hsa04922	2.8
path:hsa04024	path:hsa00071	2.8
path:hsa04024	path:hsa04928	2.8
path:hsa04024	path:hsa01522	2.8
path:hsa04024	path:hsa04976	2.8
path:hsa04024	path:hsa04740	2.8
path:hsa04024	path:hsa04340	2.8
path:hsa04022	path:hsa04923	2.8
path:hsa04020	path:hsa04720	2.8
path:hsa04020	path:hsa04742	2.8
path:hsa04150	path:hsa05230	2.7794526
path:hsa04660	path:hsa05310	2.77601477
path:hsa04660	path:hsa04672	2.77457331
path:hsa05203	path:hsa05169	2.76796295
path:hsa04915	path:hsa04727	2.75651087
path:hsa04931	path:hsa05230	2.75434648
path:hsa04260	path:hsa05414	2.74541254
path:hsa04152	path:hsa04110	2.74226212
path:hsa05169	path:hsa04662	2.73675717
path:hsa05100	path:hsa05131	2.73608507
path:hsa04150	path:hsa04931	2.73379908
path:hsa05340	path:hsa04640	2.72961399
path:hsa04514	path:hsa05310	2.721487
path:hsa04512	path:hsa05414	2.72146931
path:hsa04612	path:hsa05330	2.72089449
path:hsa05170	path:hsa04020	2.71818182
path:hsa04020	path:hsa04926	2.71818182
path:hsa04020	path:hsa04927	2.71818182
path:hsa04020	path:hsa04934	2.71818182
path:hsa04020	path:hsa05225	2.71818182
path:hsa04020	path:hsa04218	2.71818182
path:hsa04020	path:hsa04659	2.71818182
path:hsa04020	path:hsa04922	2.71818182
path:hsa04020	path:hsa04371	2.71818182
path:hsa04020	path:hsa04971	2.71818182
path:hsa04020	path:hsa04658	2.71818182
path:hsa04020	path:hsa04928	2.71818182
path:hsa04020	path:hsa04070	2.71818182
path:hsa04020	path:hsa04918	2.71818182
path:hsa00260	path:hsa05230	2.71818182
path:hsa04310	path:hsa05412	2.70674302
path:hsa04210	path:hsa05416	2.70429121
path:hsa04270	path:hsa04915	2.67469269
path:hsa04664	path:hsa05310	2.67415547
path:hsa04630	path:hsa05169	2.67204855
path:hsa04310	path:hsa04360	2.67043465
path:hsa05220	path:hsa04115	2.66432172
path:hsa05211	path:hsa04911	2.66316988
path:hsa05160	path:hsa03320	2.65391537
path:hsa04728	path:hsa04721	2.63636364
path:hsa00270	path:hsa00260	2.63636364
path:hsa05012	path:hsa00350	2.63636363
path:hsa04660	path:hsa05416	2.63439158
path:hsa04141	path:hsa05020	2.63164353
path:hsa04150	path:hsa05221	2.61581624
path:hsa05162	path:hsa04115	2.59979218
path:hsa00230	path:hsa00250	2.59487973
path:hsa00230	path:hsa04146	2.59487973
path:hsa04110	path:hsa05213	2.59208968
path:hsa04260	path:hsa05410	2.58177618
path:hsa04514	path:hsa04530	2.57986381
path:hsa04012	path:hsa05214	2.57793597
path:hsa05131	path:hsa05130	2.57244871
path:hsa04110	path:hsa05223	2.56224797
path:hsa04915	path:hsa04913	2.55932746
path:hsa05167	path:hsa04650	2.55923019
path:hsa04662	path:hsa05330	2.55923019
path:hsa04512	path:hsa05410	2.55783295
path:hsa05010	path:hsa04141	2.55093739
path:hsa05016	path:hsa04210	2.54065485
path:hsa04210	path:hsa04141	2.54065485
path:hsa04150	path:hsa04012	2.53399805
path:hsa04612	path:hsa05310	2.53056022
path:hsa04612	path:hsa04672	2.52911876
path:hsa04210	path:hsa05130	2.52901265
path:hsa04310	path:hsa04916	2.5241621
path:hsa04914	path:hsa04110	2.52191369
path:hsa04110	path:hsa04115	2.52191369
path:hsa04622	path:hsa04120	2.51988194
path:hsa05162	path:hsa04120	2.517974
path:hsa05203	path:hsa04662	2.50393306
path:hsa04310	path:hsa04919	2.49621286
path:hsa04670	path:hsa05418	2.47678414
path:hsa00590	path:hsa04611	2.47272727
path:hsa04261	path:hsa04260	2.47272727
path:hsa04210	path:hsa05320	2.46549346
path:hsa04210	path:hsa04910	2.45883667
path:hsa04150	path:hsa04919	2.45217987
path:hsa04110	path:hsa04120	2.44009551
path:hsa04630	path:hsa05203	2.43922444
path:hsa00230	path:hsa00030	2.43124337
path:hsa00230	path:hsa04740	2.43124337
path:hsa00230	path:hsa00730	2.43124337
path:hsa00230	path:hsa01523	2.43124337
path:hsa00230	path:hsa00740	2.43124337
path:hsa00230	path:hsa00232	2.43124337
path:hsa04630	path:hsa05221	2.40801866
path:hsa04630	path:hsa04917	2.40801866
path:hsa04140	path:hsa05020	2.40476433
path:hsa05410	path:hsa04614	2.3975283
path:hsa04660	path:hsa05320	2.39559383
path:hsa04714	path:hsa04022	2.39090909
path:hsa05012	path:hsa04141	2.39090909
path:hsa04022	path:hsa04744	2.39090909
path:hsa04660	path:hsa05340	2.38893704
path:hsa04612	path:hsa05416	2.38893703
path:hsa04210	path:hsa04115	2.37701848
path:hsa04724	path:hsa05014	2.3703617
path:hsa04662	path:hsa05310	2.36889592
path:hsa04662	path:hsa04672	2.36745446
path:hsa05165	path:hsa04110	2.35827733
path:hsa05163	path:hsa04110	2.35827733
path:hsa05167	path:hsa04110	2.35827733
path:hsa05170	path:hsa04110	2.35827733
path:hsa04934	path:hsa04110	2.35827733
path:hsa05226	path:hsa04110	2.35827733
path:hsa05224	path:hsa04110	2.35827733
path:hsa05225	path:hsa04110	2.35827733
path:hsa04110	path:hsa04218	2.35827733
path:hsa04110	path:hsa05217	2.35827733
path:hsa04110	path:hsa01522	2.35827733
path:hsa04110	path:hsa01524	2.35827733
path:hsa04140	path:hsa05131	2.35721171
path:hsa04514	path:hsa05320	2.34106606
path:hsa05211	path:hsa04120	2.33589715
path:hsa04152	path:hsa04920	2.32014945
path:hsa05160	path:hsa05225	2.31808896
path:hsa04066	path:hsa04120	2.31245578
path:hsa00380	path:hsa04726	2.30909091
path:hsa04330	path:hsa05020	2.3043708
path:hsa04630	path:hsa05310	2.3041873
path:hsa04150	path:hsa04213	2.28854351
path:hsa04115	path:hsa05014	2.28854351
path:hsa04920	path:hsa03320	2.27199107
path:hsa04924	path:hsa04614	2.26786788
path:hsa04150	path:hsa04152	2.26343739
path:hsa05211	path:hsa00020	2.25407897
path:hsa04310	path:hsa05216	2.23911612
path:hsa04066	path:hsa04659	2.2306376
path:hsa04066	path:hsa00020	2.2306376
path:hsa04727	path:hsa04723	2.22727272
path:hsa04660	path:hsa04120	2.22530067
path:hsa00190	path:hsa05010	2.22366466
path:hsa05165	path:hsa04210	2.21338212
path:hsa05163	path:hsa04210	2.21338212
path:hsa05167	path:hsa04210	2.21338212
path:hsa05170	path:hsa04210	2.21338212
path:hsa04210	path:hsa01521	2.21338212
path:hsa04210	path:hsa05418	2.21338212
path:hsa04210	path:hsa01522	2.21338212
path:hsa04210	path:hsa01524	2.21338212
path:hsa04210	path:hsa04657	2.21338212
path:hsa04210	path:hsa04217	2.21338212
path:hsa04210	path:hsa04215	2.21338212
path:hsa04114	path:hsa04914	2.20823753
path:hsa04930	path:hsa04141	2.20672533
path:hsa00590	path:hsa04664	2.20525955
path:hsa04917	path:hsa04913	2.19372568
path:hsa04260	path:hsa05412	2.19234834
path:hsa04910	path:hsa04920	2.18161921
path:hsa04916	path:hsa00350	2.17340378
path:hsa04512	path:hsa05412	2.16840511
path:hsa05169	path:hsa04115	2.16402989
path:hsa04310	path:hsa05213	2.15729794
path:hsa04612	path:hsa05320	2.15013928
path:hsa00270	path:hsa00480	2.14545455
path:hsa04911	path:hsa04917	2.14545455
path:hsa05012	path:hsa04120	2.14545454
path:hsa04727	path:hsa05032	2.14545454
path:hsa00590	path:hsa04726	2.14545454
path:hsa04659	path:hsa04660	2.14348249
path:hsa04660	path:hsa04658	2.14348249
path:hsa04114	path:hsa04120	2.12641935
path:hsa04150	path:hsa04910	2.12490715
path:hsa04150	path:hsa04211	2.12490715
path:hsa04910	path:hsa04930	2.12490715
path:hsa04912	path:hsa04913	2.11190749
path:hsa04915	path:hsa05224	2.10196542
path:hsa05169	path:hsa03050	2.10078706
path:hsa04910	path:hsa04931	2.09980103
path:hsa04659	path:hsa04514	2.08895472
path:hsa05418	path:hsa04514	2.08895472
path:hsa04658	path:hsa04514	2.08895472
path:hsa04310	path:hsa04115	2.08712195
path:hsa00564	path:hsa05231	2.08702688
path:hsa05214	path:hsa04115	2.08702688
path:hsa04970	path:hsa04530	2.07143541
path:hsa00190	path:hsa05012	2.06363636
path:hsa04727	path:hsa05033	2.06363636
path:hsa00250	path:hsa05230	2.06363636
path:hsa04664	path:hsa04070	2.04162319
path:hsa04310	path:hsa04120	2.00530377
path:hsa04612	path:hsa03050	1.99842147
path:hsa04512	path:hsa05222	1.99820923
path:hsa04662	path:hsa05320	1.98847498
path:hsa04662	path:hsa05340	1.98181819
path:hsa00564	path:hsa04725	1.98181818
path:hsa00330	path:hsa00270	1.98181818
path:hsa00330	path:hsa00260	1.98181818
path:hsa00270	path:hsa00250	1.98181818
path:hsa00270	path:hsa00430	1.98181818
path:hsa04260	path:hsa04919	1.98181818
path:hsa04725	path:hsa04721	1.98181818
path:hsa00260	path:hsa00250	1.98181818
path:hsa00350	path:hsa00360	1.98181818
path:hsa04726	path:hsa04976	1.98181818
path:hsa04726	path:hsa04721	1.98181818
path:hsa04150	path:hsa04140	1.97984613
path:hsa05163	path:hsa04623	1.97540679
path:hsa05170	path:hsa04623	1.97540679
path:hsa04150	path:hsa00561	1.96127078
path:hsa05204	path:hsa05222	1.94033428
path:hsa05203	path:hsa04115	1.93120578
path:hsa05165	path:hsa04310	1.92348559
path:hsa04310	path:hsa05167	1.92348559
path:hsa04310	path:hsa04934	1.92348559
path:hsa04310	path:hsa05226	1.92348559
path:hsa04310	path:hsa05224	1.92348559
path:hsa04310	path:hsa05225	1.92348559
path:hsa04310	path:hsa05217	1.92348559
path:hsa04310	path:hsa04928	1.92348559
path:hsa01521	path:hsa05214	1.92339052
path:hsa00010	path:hsa05230	1.9
path:hsa04921	path:hsa00590	1.9
path:hsa00270	path:hsa00770	1.9
path:hsa00270	path:hsa00920	1.9
path:hsa04260	path:hsa05416	1.9
path:hsa00260	path:hsa00630	1.9
path:hsa05230	path:hsa00020	1.9
path:hsa05230	path:hsa00030	1.9
path:hsa05230	path:hsa00471	1.9
path:hsa05165	path:hsa04612	1.89802794
path:hsa05163	path:hsa04612	1.89802794
path:hsa05170	path:hsa04612	1.89802794
path:hsa04012	path:hsa05213	1.8883578
path:hsa05165	path:hsa04150	1.8794526
path:hsa04714	path:hsa04150	1.8794526
path:hsa05163	path:hsa04150	1.8794526
path:hsa04150	path:hsa05170	1.8794526
path:hsa04150	path:hsa01521	1.8794526
path:hsa04150	path:hsa04218	1.8794526
path:hsa04150	path:hsa04371	1.8794526
path:hsa04071	path:hsa00600	1.8794526
path:hsa04071	path:hsa04142	1.8794526
path:hsa04930	path:hsa04950	1.8794526
path:hsa04512	path:hsa05416	1.87605677
path:hsa00590	path:hsa04750	1.87072647
path:hsa04512	path:hsa05100	1.86441457
path:hsa04012	path:hsa05223	1.85851609
path:hsa00010	path:hsa04931	1.85434648
path:hsa04931	path:hsa00520	1.85434648
path:hsa04931	path:hsa00061	1.85434648
path:hsa04931	path:hsa00514	1.85434648
path:hsa00010	path:hsa00260	1.81818182
path:hsa04723	path:hsa04724	1.81818182
path:hsa00270	path:hsa00620	1.81818182
path:hsa00270	path:hsa00640	1.81818182
path:hsa00270	path:hsa00290	1.81818182
path:hsa00270	path:hsa04122	1.81818182
path:hsa00860	path:hsa00260	1.81818182
path:hsa00260	path:hsa00620	1.81818182
path:hsa00260	path:hsa00640	1.81818182
path:hsa00260	path:hsa00020	1.81818182
path:hsa00260	path:hsa00290	1.81818182
path:hsa04727	path:hsa00250	1.81818181
path:hsa00590	path:hsa04370	1.81818181
path:hsa04530	path:hsa05130	1.80653962
path:hsa04270	path:hsa04614	1.7975703
path:hsa04152	path:hsa04213	1.7930757
path:hsa05222	path:hsa04115	1.77669791
path:hsa05165	path:hsa05203	1.76756942
path:hsa05203	path:hsa05167	1.76756942
path:hsa05203	path:hsa03022	1.76756942
path:hsa05203	path:hsa04142	1.76756942
path:hsa04630	path:hsa04120	1.7534732
path:hsa04970	path:hsa04973	1.74416268
path:hsa04722	path:hsa04720	1.74302043
path:hsa04722	path:hsa04120	1.74302043
path:hsa04270	path:hsa00590	1.73636363
path:hsa00350	path:hsa00400	1.73636363
path:hsa04919	path:hsa04115	1.73636363
path:hsa04925	path:hsa04614	1.71575212
path:hsa04910	path:hsa04913	1.70281659
path:hsa05165	path:hsa04630	1.67165502
path:hsa04630	path:hsa05163	1.67165502
path:hsa04630	path:hsa05167	1.67165502
path:hsa04630	path:hsa01521	1.67165502
path:hsa04630	path:hsa04659	1.67165502
path:hsa04630	path:hsa04658	1.67165502
path:hsa04724	path:hsa05033	1.65454546
path:hsa04910	path:hsa04213	1.65454546
path:hsa04910	path:hsa04923	1.65454546
path:hsa04211	path:hsa04213	1.65454546
path:hsa04926	path:hsa04370	1.65454545
path:hsa04727	path:hsa04721	1.65454545
path:hsa01521	path:hsa04012	1.65454545
path:hsa04925	path:hsa00140	1.65454545
path:hsa00240	path:hsa00250	1.65454545
path:hsa04012	path:hsa04928	1.65454545
path:hsa04012	path:hsa01524	1.65454545
path:hsa04530	path:hsa04972	1.65454545
path:hsa04530	path:hsa04973	1.65454545
path:hsa00790	path:hsa00670	1.65454545
path:hsa03320	path:hsa05216	1.65145694
path:hsa04152	path:hsa04910	1.62943934
path:hsa04152	path:hsa04211	1.62943934
path:hsa00140	path:hsa04913	1.6209984
path:hsa05016	path:hsa04724	1.57272728
path:hsa00980	path:hsa05204	1.57272728
path:hsa00190	path:hsa04723	1.57272727
path:hsa00010	path:hsa04919	1.57272727
path:hsa04270	path:hsa04926	1.57272727
path:hsa04270	path:hsa04371	1.57272727
path:hsa04270	path:hsa05418	1.57272727
path:hsa04723	path:hsa04721	1.57272727
path:hsa00590	path:hsa04923	1.57272727
path:hsa00350	path:hsa04918	1.57272727
path:hsa04530	path:hsa04961	1.57272727
path:hsa04919	path:hsa04330	1.57272727
path:hsa04919	path:hsa04918	1.57272727
path:hsa00360	path:hsa00400	1.57272727
path:hsa03320	path:hsa04146	1.49946277
path:hsa04724	path:hsa04730	1.4909091
path:hsa04910	path:hsa04211	1.4909091
path:hsa05165	path:hsa04530	1.49090909
path:hsa05016	path:hsa04115	1.49090909
path:hsa00561	path:hsa04923	1.49090909
path:hsa04925	path:hsa04960	1.49090909
path:hsa00240	path:hsa00410	1.49090909
path:hsa00330	path:hsa00480	1.49090909
path:hsa00280	path:hsa00360	1.49090909
path:hsa04371	path:hsa04530	1.49090909
path:hsa04971	path:hsa04530	1.49090909
path:hsa00380	path:hsa00760	1.49090909
path:hsa00380	path:hsa00400	1.49090909
path:hsa04530	path:hsa04976	1.49090909
path:hsa04530	path:hsa05110	1.49090909
path:hsa04530	path:hsa04918	1.49090909
path:hsa04530	path:hsa04960	1.49090909
path:hsa04530	path:hsa04962	1.49090909
path:hsa00480	path:hsa00430	1.49090909
path:hsa00670	path:hsa01523	1.49090909
path:hsa04152	path:hsa04140	1.48437832
path:hsa04115	path:hsa05216	1.47926689
path:hsa04152	path:hsa00500	1.46580297
path:hsa01522	path:hsa04913	1.45736204
path:hsa04140	path:hsa04141	1.42766626
path:hsa04714	path:hsa04923	1.40909091
path:hsa00010	path:hsa00360	1.40909091
path:hsa04211	path:hsa04115	1.40909091
path:hsa04371	path:hsa04923	1.40909091
path:hsa05213	path:hsa04115	1.39744871
path:hsa00010	path:hsa04152	1.38398479
path:hsa04152	path:hsa04371	1.38398479
path:hsa04152	path:hsa01040	1.38398479
path:hsa04152	path:hsa00061	1.38398479
path:hsa05223	path:hsa04115	1.367607
path:hsa04910	path:hsa04140	1.34584808
path:hsa04211	path:hsa04140	1.34584808
path:hsa00071	path:hsa03320	1.33582641
path:hsa03320	path:hsa00120	1.33582641
path:hsa03320	path:hsa00072	1.33582641
path:hsa00190	path:hsa05016	1.32727273
path:hsa05016	path:hsa03022	1.32727273
path:hsa05016	path:hsa03020	1.32727273
path:hsa00010	path:hsa00380	1.32727273
path:hsa05170	path:hsa04141	1.32727273
path:hsa04724	path:hsa04720	1.32727273
path:hsa04910	path:hsa00500	1.32727273
path:hsa00510	path:hsa04141	1.32727273
path:hsa03013	path:hsa03040	1.32727273
path:hsa00480	path:hsa04918	1.32727273
path:hsa00480	path:hsa04216	1.32727273
path:hsa04713	path:hsa04710	1.32727273
path:hsa04141	path:hsa03060	1.32727273
path:hsa00330	path:hsa00250	1.32727272
path:hsa00250	path:hsa00340	1.32727272
path:hsa04972	path:hsa04973	1.32727272
path:hsa00790	path:hsa00400	1.32727272
path:hsa04972	path:hsa04975	1.3021666
path:hsa05320	path:hsa04918	1.25211134
path:hsa00010	path:hsa04910	1.24545455
path:hsa04724	path:hsa04721	1.24545455
path:hsa04910	path:hsa04922	1.24545455
path:hsa04910	path:hsa04070	1.24545455
path:hsa04910	path:hsa00061	1.24545455
path:hsa04910	path:hsa04950	1.24545455
path:hsa00982	path:hsa01522	1.24545455
path:hsa03015	path:hsa03040	1.24545455
path:hsa00330	path:hsa00630	1.24545454
path:hsa00330	path:hsa00220	1.24545454
path:hsa03013	path:hsa03008	1.24545454
path:hsa00250	path:hsa00630	1.24545454
path:hsa00250	path:hsa00220	1.24545454
path:hsa04742	path:hsa04973	1.24545454
path:hsa00130	path:hsa00400	1.24545454
path:hsa00561	path:hsa04975	1.22034842
path:hsa01521	path:hsa05223	1.20397064
path:hsa05165	path:hsa04115	1.16363636
path:hsa05163	path:hsa00590	1.16363636
path:hsa05167	path:hsa04115	1.16363636
path:hsa00564	path:hsa04146	1.16363636
path:hsa04927	path:hsa00140	1.16363636
path:hsa04934	path:hsa00140	1.16363636
path:hsa00830	path:hsa04146	1.16363636
path:hsa05226	path:hsa04115	1.16363636
path:hsa05224	path:hsa04115	1.16363636
path:hsa05225	path:hsa04115	1.16363636
path:hsa00590	path:hsa00591	1.16363636
path:hsa00561	path:hsa00040	1.16363636
path:hsa00140	path:hsa00100	1.16363636
path:hsa00140	path:hsa04960	1.16363636
path:hsa04218	path:hsa04115	1.16363636
path:hsa00330	path:hsa00410	1.16363636
path:hsa00330	path:hsa00053	1.16363636
path:hsa00330	path:hsa00310	1.16363636
path:hsa05217	path:hsa04115	1.16363636
path:hsa00565	path:hsa04146	1.16363636
path:hsa00071	path:hsa04146	1.16363636
path:hsa01524	path:hsa04115	1.16363636
path:hsa00500	path:hsa00040	1.16363636
path:hsa00250	path:hsa04217	1.16363636
path:hsa00250	path:hsa00410	1.16363636
path:hsa00250	path:hsa00650	1.16363636
path:hsa00250	path:hsa00910	1.16363636
path:hsa00250	path:hsa00471	1.16363636
path:hsa00040	path:hsa00052	1.16363636
path:hsa04972	path:hsa04974	1.16363636
path:hsa04972	path:hsa04977	1.16363636
path:hsa00052	path:hsa00051	1.16363636
path:hsa00790	path:hsa04122	1.16363636
path:hsa03008	path:hsa03010	1.16363636
path:hsa00220	path:hsa01210	1.16363636
path:hsa04973	path:hsa04978	1.16363636
path:hsa00120	path:hsa04146	1.16363636
path:hsa04146	path:hsa00900	1.16363636
path:hsa03015	path:hsa03018	1.14822471
path:hsa04976	path:hsa04975	1.13853024
path:hsa04975	path:hsa04979	1.13853024
path:hsa04975	path:hsa04977	1.13853024
path:hsa05167	path:hsa04140	1.10039353
path:hsa04371	path:hsa04140	1.10039353
path:hsa04140	path:hsa04137	1.10039353
path:hsa04140	path:hsa04142	1.10039353
path:hsa00564	path:hsa00561	1.08181818
path:hsa00010	path:hsa00561	1.08181818
path:hsa00010	path:hsa00500	1.08181818
path:hsa00010	path:hsa00040	1.08181818
path:hsa00010	path:hsa00052	1.08181818
path:hsa00010	path:hsa00630	1.08181818
path:hsa00010	path:hsa00051	1.08181818
path:hsa00561	path:hsa00071	1.08181818
path:hsa00280	path:hsa00640	1.08181818
path:hsa00280	path:hsa00020	1.08181818
path:hsa00280	path:hsa00900	1.08181818
path:hsa00280	path:hsa00290	1.08181818
path:hsa00520	path:hsa00500	1.08181818
path:hsa00520	path:hsa00040	1.08181818
path:hsa00520	path:hsa00052	1.08181818
path:hsa00520	path:hsa00051	1.08181818
path:hsa00071	path:hsa00630	1.08181818
path:hsa04928	path:hsa04961	1.08181818
path:hsa03013	path:hsa03015	1.08181818
path:hsa00040	path:hsa00030	1.08181818
path:hsa00040	path:hsa00053	1.08181818
path:hsa00620	path:hsa00630	1.08181818
path:hsa00052	path:hsa00030	1.08181818
path:hsa00020	path:hsa00630	1.08181818
path:hsa00020	path:hsa01210	1.08181818
path:hsa00630	path:hsa00910	1.08181818
path:hsa00410	path:hsa00770	1.08181818
path:hsa00220	path:hsa00910	1.08181818
path:hsa04120	path:hsa04340	1.08181818
path:hsa04120	path:hsa03420	1.08181818
path:hsa04120	path:hsa04960	1.08181818
path:hsa04120	path:hsa04710	1.08181818
path:hsa00534	path:hsa00532	1.08181818
path:hsa01210	path:hsa00290	1.08181818
path:hsa05165	path:hsa04330	1
path:hsa00190	path:hsa04714	1
path:hsa00190	path:hsa05110	1
path:hsa04714	path:hsa00020	1
path:hsa00564	path:hsa00562	1
path:hsa00564	path:hsa00565	1
path:hsa00562	path:hsa00010	1
path:hsa00010	path:hsa04922	1
path:hsa00010	path:hsa00520	1
path:hsa00010	path:hsa00620	1
path:hsa00010	path:hsa00640	1
path:hsa00010	path:hsa00020	1
path:hsa00010	path:hsa00030	1
path:hsa00010	path:hsa04964	1
path:hsa05170	path:hsa04142	1
path:hsa04927	path:hsa04934	1
path:hsa04934	path:hsa00020	1
path:hsa04934	path:hsa04960	1
path:hsa05224	path:hsa04330	1
path:hsa05224	path:hsa03440	1
path:hsa00510	path:hsa00563	1
path:hsa00510	path:hsa00515	1
path:hsa00510	path:hsa00533	1
path:hsa04659	path:hsa04657	1
path:hsa04659	path:hsa04625	1
path:hsa05217	path:hsa04340	1
path:hsa04922	path:hsa00020	1
path:hsa04922	path:hsa04217	1
path:hsa04922	path:hsa00061	1
path:hsa04971	path:hsa04974	1
path:hsa04658	path:hsa04625	1
path:hsa04658	path:hsa04330	1
path:hsa00520	path:hsa00053	1
path:hsa00520	path:hsa00524	1
path:hsa00860	path:hsa04978	1
path:hsa00860	path:hsa00740	1
path:hsa00600	path:hsa00604	1
path:hsa00600	path:hsa00603	1
path:hsa00071	path:hsa00650	1
path:hsa00071	path:hsa00062	1
path:hsa00071	path:hsa00061	1
path:hsa00071	path:hsa00072	1
path:hsa01522	path:hsa04330	1
path:hsa01524	path:hsa03420	1
path:hsa01524	path:hsa03430	1
path:hsa00620	path:hsa00640	1
path:hsa00620	path:hsa00020	1
path:hsa00620	path:hsa00650	1
path:hsa00620	path:hsa00061	1
path:hsa00620	path:hsa00072	1
path:hsa00640	path:hsa00020	1
path:hsa00640	path:hsa00410	1
path:hsa00512	path:hsa00533	1
path:hsa00020	path:hsa00310	1
path:hsa00020	path:hsa04964	1
path:hsa04976	path:hsa00120	1
path:hsa04976	path:hsa04979	1
path:hsa04976	path:hsa04977	1
path:hsa04974	path:hsa04978	1
path:hsa00650	path:hsa00072	1
path:hsa00531	path:hsa04142	1
path:hsa00730	path:hsa04122	1
path:hsa00100	path:hsa04979	1
path:hsa03022	path:hsa03420	1
path:hsa04142	path:hsa00511	1
path:hsa03440	path:hsa03460	1
path:hsa03460	path:hsa03430	1
path:hsa00604	path:hsa00511	1
path:hsa00120	path:hsa04979	1
path:hsa00061	path:hsa00780	1
